record_id,movie_id,year,title_zh_cn,title_ja,category,language,evidence_type,source,download_provider,creator,original_pack,original_path,original_filename,archive_member_filename,archive_member_name_raw,organized_path,organized_filename,extension,size_bytes,sha256_before,sha256_after,byte_identical,classification_confidence,classification_reason,cue_count,encoding_observed,header_title,notes
EV0017,M01,1980,大雄的恐龙,のび太の恐竜,01_JA_SOURCE,ja-JP,source,WOWOW,Unknown,Conan06,P01：老 25 部日文原字幕 WOWOW 高清版本抽出的日语字幕，覆盖 1980–2004 全 25 部.zip,[Conan06] Eiga Doraemon - 01 Nobita no Kyouryuu (1980) (WOWOW 1280x720 AVC 10bit AAC1.0+DD2.0 Chap).jpn.ass,[Conan06] Eiga Doraemon - 01 Nobita no Kyouryuu (1980) (WOWOW 1280x720 AVC 10bit AAC1.0+DD2.0 Chap).jpn.ass,[Conan06] Eiga Doraemon - 01 Nobita no Kyouryuu (1980) (WOWOW 1280x720 AVC 10bit AAC1.0+DD2.0 Chap).jpn.ass,[Conan06] Eiga Doraemon - 01 Nobita no Kyouryuu (1980) (WOWOW 1280x720 AVC 10bit AAC1.0+DD2.0 Chap).jpn.ass,M01_1980_大雄的恐龙/01_JA_SOURCE/M01.1980.ja-JP.source.WOWOW.Conan06.ass,M01.1980.ja-JP.source.WOWOW.Conan06.ass,.ass,178345,85fdda9a63cd0b34b76f3e20ac4e3aa43fa57f4a7d6690985a6358f68efb3e96,85fdda9a63cd0b34b76f3e20ac4e3aa43fa57f4a7d6690985a6358f68efb3e96,True,high,"Filename explicitly identifies Eiga Doraemon movie index/year, WOWOW release, Japanese subtitle suffix, and Conan06 release tag; index/year cross-check the stable movie catalog.",1610,UTF-8-SIG,Default Aegisub file,"Creator token follows the explicit [Conan06] release tag, consistent with the requested naming example."
EV0062,M01,1980,大雄的恐龙,のび太の恐竜,02_ZH_JP_AUDIO,zh-CN,jp-audio,Fansub,Unknown,漫游字幕组,P03：1980–2016 中文底稿大包 [Doraemon_Movie][01-37][DVD&BD][Sub].zip,01[1980]大雄的恐龙/01[1980]大雄的恐龙.sc.ass,01[1980]大雄的恐龙.sc.ass,01[1980]大雄的恐龙.sc.ass,01[1980]┤≤╨█╡─┐╓┴·/01[1980]┤≤╨█╡─┐╓┴·.sc.ass,M01_1980_大雄的恐龙/02_ZH_JP_AUDIO/M01.1980.zh-CN.jp-audio.Fansub.漫游字幕组.ass,M01.1980.zh-CN.jp-audio.Fansub.漫游字幕组.ass,.ass,70310,9cf34440be5a68ec1920cd06b9816a65400f4063bbd0252e14f87a01ae664634,9cf34440be5a68ec1920cd06b9816a65400f4063bbd0252e14f87a01ae664634,True,medium,"The source pack is explicitly a 1980–2016 Chinese draft subtitle collection; SC/TC filename variants and ASS headers identify Chinese translation evidence. No evidence establishes Taiwan official, Taiwan dub, or mainland official provenance, so those categories are intentionally not used.",824,UTF-8-SIG,[1980]大雄的恐龙,"Language tag follows the source .sc/.tc branch. zh-TW here records the Traditional-Chinese branch only; it is NOT evidence of Taiwan origin, official localization, or Taiwan-dub wording."
EV0037,M01,1980,大雄的恐龙,のび太の恐竜,02_ZH_JP_AUDIO,zh-CN,jp-audio,WOWOWCN,Unknown,漫游字幕组,P02：老 25 部 WOWOW 对轴简中 哆啦A梦大山版剧场版（匹配WOWOW高清版）.rar,01[1980]大雄的恐龙.ass,01[1980]大雄的恐龙.ass,01[1980]大雄的恐龙.ass,01[1980]大雄的恐龙.ass,M01_1980_大雄的恐龙/02_ZH_JP_AUDIO/M01.1980.zh-CN.jp-audio.WOWOWCN.漫游字幕组.ass,M01.1980.zh-CN.jp-audio.WOWOWCN.漫游字幕组.ass,.ass,69760,d0b568fa45f7ca608ac0f2e39a6ce931fe30de417767662cdb30e632f46fa9e8,d0b568fa45f7ca608ac0f2e39a6ce931fe30de417767662cdb30e632f46fa9e8,True,high,Pack name and included note explicitly state these are Simplified Chinese subtitles retimed to match the WOWOW HD Japanese-source releases; movie index/year are explicit in each filename.,824,UTF-8-SIG,[1980]大雄的恐龙,source=WOWOWCN denotes WOWOW-aligned Chinese evidence (not a claim that WOWOW authored the Chinese translation). creator records the ASS Original Script credit; the timing-adapter identity is not stated in the source pack.
EV0063,M01,1980,大雄的恐龙,のび太の恐竜,02_ZH_JP_AUDIO,zh-TW,jp-audio,Fansub,Unknown,漫游字幕组,P03：1980–2016 中文底稿大包 [Doraemon_Movie][01-37][DVD&BD][Sub].zip,01[1980]大雄的恐龙/01[1980]大雄的恐龙.tc.ass,01[1980]大雄的恐龙.tc.ass,01[1980]大雄的恐龙.tc.ass,01[1980]┤≤╨█╡─┐╓┴·/01[1980]┤≤╨█╡─┐╓┴·.tc.ass,M01_1980_大雄的恐龙/02_ZH_JP_AUDIO/M01.1980.zh-TW.jp-audio.Fansub.漫游字幕组.ass,M01.1980.zh-TW.jp-audio.Fansub.漫游字幕组.ass,.ass,70310,a22ad946bc076af96d04c891e07c2580ce153582ab366b1d594031b568d4abcc,a22ad946bc076af96d04c891e07c2580ce153582ab366b1d594031b568d4abcc,True,medium,"The source pack is explicitly a 1980–2016 Chinese draft subtitle collection; SC/TC filename variants and ASS headers identify Chinese translation evidence. No evidence establishes Taiwan official, Taiwan dub, or mainland official provenance, so those categories are intentionally not used.",824,UTF-8-SIG,[1980]大雄的恐龙,"Language tag follows the source .sc/.tc branch. zh-TW here records the Traditional-Chinese branch only; it is NOT evidence of Taiwan origin, official localization, or Taiwan-dub wording."
EV0018,M02,1981,大雄的宇宙开拓史,のび太の宇宙開拓史,01_JA_SOURCE,ja-JP,source,WOWOW,Unknown,Conan06,P01：老 25 部日文原字幕 WOWOW 高清版本抽出的日语字幕，覆盖 1980–2004 全 25 部.zip,[Conan06] Eiga Doraemon - 02 Nobita no Uchuu Kaitakushi (1981) (WOWOW 1280x720 AVC 10bit AAC1.0+DD2.0 Chap).jpn.ass,[Conan06] Eiga Doraemon - 02 Nobita no Uchuu Kaitakushi (1981) (WOWOW 1280x720 AVC 10bit AAC1.0+DD2.0 Chap).jpn.ass,[Conan06] Eiga Doraemon - 02 Nobita no Uchuu Kaitakushi (1981) (WOWOW 1280x720 AVC 10bit AAC1.0+DD2.0 Chap).jpn.ass,[Conan06] Eiga Doraemon - 02 Nobita no Uchuu Kaitakushi (1981) (WOWOW 1280x720 AVC 10bit AAC1.0+DD2.0 Chap).jpn.ass,M02_1981_大雄的宇宙开拓史/01_JA_SOURCE/M02.1981.ja-JP.source.WOWOW.Conan06.ass,M02.1981.ja-JP.source.WOWOW.Conan06.ass,.ass,240162,9ed9db0cce3566ad9b1988fa13bd05783c5495be6c14cf940e5d75b16c3990e0,9ed9db0cce3566ad9b1988fa13bd05783c5495be6c14cf940e5d75b16c3990e0,True,high,"Filename explicitly identifies Eiga Doraemon movie index/year, WOWOW release, Japanese subtitle suffix, and Conan06 release tag; index/year cross-check the stable movie catalog.",2153,UTF-8-SIG,Default Aegisub file,"Creator token follows the explicit [Conan06] release tag, consistent with the requested naming example."
EV0064,M02,1981,大雄的宇宙开拓史,のび太の宇宙開拓史,02_ZH_JP_AUDIO,zh-CN,jp-audio,Fansub,Unknown,漫游字幕组,P03：1980–2016 中文底稿大包 [Doraemon_Movie][01-37][DVD&BD][Sub].zip,02[1981]大雄的宇宙开拓史/02[1981]大雄的宇宙开拓史.sc.ass,02[1981]大雄的宇宙开拓史.sc.ass,02[1981]大雄的宇宙开拓史.sc.ass,02[1981]┤≤╨█╡─╙ε╓µ┐¬═╪╩╖/02[1981]┤≤╨█╡─╙ε╓µ┐¬═╪╩╖.sc.ass,M02_1981_大雄的宇宙开拓史/02_ZH_JP_AUDIO/M02.1981.zh-CN.jp-audio.Fansub.漫游字幕组.ass,M02.1981.zh-CN.jp-audio.Fansub.漫游字幕组.ass,.ass,111850,bf261c60c3fb25945008c46381e67ee01dfa6aeb7d6c06c5d979f006a1e9f090,bf261c60c3fb25945008c46381e67ee01dfa6aeb7d6c06c5d979f006a1e9f090,True,medium,"The source pack is explicitly a 1980–2016 Chinese draft subtitle collection; SC/TC filename variants and ASS headers identify Chinese translation evidence. No evidence establishes Taiwan official, Taiwan dub, or mainland official provenance, so those categories are intentionally not used.",1334,UTF-8-SIG,[1981]大雄的宇宙开拓史,"Language tag follows the source .sc/.tc branch. zh-TW here records the Traditional-Chinese branch only; it is NOT evidence of Taiwan origin, official localization, or Taiwan-dub wording."
EV0038,M02,1981,大雄的宇宙开拓史,のび太の宇宙開拓史,02_ZH_JP_AUDIO,zh-CN,jp-audio,WOWOWCN,Unknown,漫游字幕组,P02：老 25 部 WOWOW 对轴简中 哆啦A梦大山版剧场版（匹配WOWOW高清版）.rar,02[1981]大雄的宇宙开拓史.ass,02[1981]大雄的宇宙开拓史.ass,02[1981]大雄的宇宙开拓史.ass,02[1981]大雄的宇宙开拓史.ass,M02_1981_大雄的宇宙开拓史/02_ZH_JP_AUDIO/M02.1981.zh-CN.jp-audio.WOWOWCN.漫游字幕组.ass,M02.1981.zh-CN.jp-audio.WOWOWCN.漫游字幕组.ass,.ass,110783,21accb3c49a6cb1b8ce379c7e2c1f594084330afdf37d6a072d150688477fe3a,21accb3c49a6cb1b8ce379c7e2c1f594084330afdf37d6a072d150688477fe3a,True,high,Pack name and included note explicitly state these are Simplified Chinese subtitles retimed to match the WOWOW HD Japanese-source releases; movie index/year are explicit in each filename.,1334,UTF-8-SIG,[1981]大雄的宇宙开拓史,source=WOWOWCN denotes WOWOW-aligned Chinese evidence (not a claim that WOWOW authored the Chinese translation). creator records the ASS Original Script credit; the timing-adapter identity is not stated in the source pack.
EV0065,M02,1981,大雄的宇宙开拓史,のび太の宇宙開拓史,02_ZH_JP_AUDIO,zh-TW,jp-audio,Fansub,Unknown,漫游字幕组,P03：1980–2016 中文底稿大包 [Doraemon_Movie][01-37][DVD&BD][Sub].zip,02[1981]大雄的宇宙开拓史/02[1981]大雄的宇宙开拓史.tc.ass,02[1981]大雄的宇宙开拓史.tc.ass,02[1981]大雄的宇宙开拓史.tc.ass,02[1981]┤≤╨█╡─╙ε╓µ┐¬═╪╩╖/02[1981]┤≤╨█╡─╙ε╓µ┐¬═╪╩╖.tc.ass,M02_1981_大雄的宇宙开拓史/02_ZH_JP_AUDIO/M02.1981.zh-TW.jp-audio.Fansub.漫游字幕组.ass,M02.1981.zh-TW.jp-audio.Fansub.漫游字幕组.ass,.ass,111850,609a24784faab3264d5ae9bc196f5f8156cb812cc10dabf94380cf1d24748b82,609a24784faab3264d5ae9bc196f5f8156cb812cc10dabf94380cf1d24748b82,True,medium,"The source pack is explicitly a 1980–2016 Chinese draft subtitle collection; SC/TC filename variants and ASS headers identify Chinese translation evidence. No evidence establishes Taiwan official, Taiwan dub, or mainland official provenance, so those categories are intentionally not used.",1334,UTF-8-SIG,[1981]大雄的宇宙开拓史,"Language tag follows the source .sc/.tc branch. zh-TW here records the Traditional-Chinese branch only; it is NOT evidence of Taiwan origin, official localization, or Taiwan-dub wording."
EV0019,M03,1982,大雄的大魔境,のび太の大魔境,01_JA_SOURCE,ja-JP,source,WOWOW,Unknown,Conan06,P01：老 25 部日文原字幕 WOWOW 高清版本抽出的日语字幕，覆盖 1980–2004 全 25 部.zip,[Conan06] Eiga Doraemon - 03 Nobita no Daimakyou (1982) (WOWOW 1280x720 AVC 10bit AAC1.0+DD2.0 Chap).jpn.ass,[Conan06] Eiga Doraemon - 03 Nobita no Daimakyou (1982) (WOWOW 1280x720 AVC 10bit AAC1.0+DD2.0 Chap).jpn.ass,[Conan06] Eiga Doraemon - 03 Nobita no Daimakyou (1982) (WOWOW 1280x720 AVC 10bit AAC1.0+DD2.0 Chap).jpn.ass,[Conan06] Eiga Doraemon - 03 Nobita no Daimakyou (1982) (WOWOW 1280x720 AVC 10bit AAC1.0+DD2.0 Chap).jpn.ass,M03_1982_大雄的大魔境/01_JA_SOURCE/M03.1982.ja-JP.source.WOWOW.Conan06.ass,M03.1982.ja-JP.source.WOWOW.Conan06.ass,.ass,243761,9b9c2041a09b8676f50af12fc012324accc42b9d8451b1649102397af9e92a6b,9b9c2041a09b8676f50af12fc012324accc42b9d8451b1649102397af9e92a6b,True,high,"Filename explicitly identifies Eiga Doraemon movie index/year, WOWOW release, Japanese subtitle suffix, and Conan06 release tag; index/year cross-check the stable movie catalog.",2216,UTF-8-SIG,Default Aegisub file,"Creator token follows the explicit [Conan06] release tag, consistent with the requested naming example."
EV0066,M03,1982,大雄的大魔境,のび太の大魔境,02_ZH_JP_AUDIO,zh-CN,jp-audio,Fansub,Unknown,漫游字幕组,P03：1980–2016 中文底稿大包 [Doraemon_Movie][01-37][DVD&BD][Sub].zip,03[1982]大雄在大魔境/03[1982]大雄在大魔境.sc.ass,03[1982]大雄在大魔境.sc.ass,03[1982]大雄在大魔境.sc.ass,03[1982]┤≤╨█╘┌┤≤─º╛│/03[1982]┤≤╨█╘┌┤≤─º╛│.sc.ass,M03_1982_大雄的大魔境/02_ZH_JP_AUDIO/M03.1982.zh-CN.jp-audio.Fansub.漫游字幕组.ass,M03.1982.zh-CN.jp-audio.Fansub.漫游字幕组.ass,.ass,99993,63ad2f12ddd7444610d90fedea49773fd3b7008555212423a378c9d012e8159b,63ad2f12ddd7444610d90fedea49773fd3b7008555212423a378c9d012e8159b,True,medium,"The source pack is explicitly a 1980–2016 Chinese draft subtitle collection; SC/TC filename variants and ASS headers identify Chinese translation evidence. No evidence establishes Taiwan official, Taiwan dub, or mainland official provenance, so those categories are intentionally not used.",1189,UTF-8-SIG,[1982]大雄在大魔境,"Language tag follows the source .sc/.tc branch. zh-TW here records the Traditional-Chinese branch only; it is NOT evidence of Taiwan origin, official localization, or Taiwan-dub wording."
EV0039,M03,1982,大雄的大魔境,のび太の大魔境,02_ZH_JP_AUDIO,zh-CN,jp-audio,WOWOWCN,Unknown,Unknown,P02：老 25 部 WOWOW 对轴简中 哆啦A梦大山版剧场版（匹配WOWOW高清版）.rar,03[1982]大雄在大魔境.ass,03[1982]大雄在大魔境.ass,03[1982]大雄在大魔境.ass,03[1982]大雄在大魔境.ass,M03_1982_大雄的大魔境/02_ZH_JP_AUDIO/M03.1982.zh-CN.jp-audio.WOWOWCN.Unknown.ass,M03.1982.zh-CN.jp-audio.WOWOWCN.Unknown.ass,.ass,95492,b510aedd77306fdee6227910411981b51ae45cab424b86276228728f54214bf4,b510aedd77306fdee6227910411981b51ae45cab424b86276228728f54214bf4,True,high,Pack name and included note explicitly state these are Simplified Chinese subtitles retimed to match the WOWOW HD Japanese-source releases; movie index/year are explicit in each filename.,1189,GB18030,,source=WOWOWCN denotes WOWOW-aligned Chinese evidence (not a claim that WOWOW authored the Chinese translation). creator records the ASS Original Script credit; the timing-adapter identity is not stated in the source pack.
EV0067,M03,1982,大雄的大魔境,のび太の大魔境,02_ZH_JP_AUDIO,zh-TW,jp-audio,Fansub,Unknown,漫游字幕组,P03：1980–2016 中文底稿大包 [Doraemon_Movie][01-37][DVD&BD][Sub].zip,03[1982]大雄在大魔境/03[1982]大雄在大魔境.tc.ass,03[1982]大雄在大魔境.tc.ass,03[1982]大雄在大魔境.tc.ass,03[1982]┤≤╨█╘┌┤≤─º╛│/03[1982]┤≤╨█╘┌┤≤─º╛│.tc.ass,M03_1982_大雄的大魔境/02_ZH_JP_AUDIO/M03.1982.zh-TW.jp-audio.Fansub.漫游字幕组.ass,M03.1982.zh-TW.jp-audio.Fansub.漫游字幕组.ass,.ass,99993,68b40b03266596944e255dfd7db93a557e5d38daf3c98b0b42f070895816af90,68b40b03266596944e255dfd7db93a557e5d38daf3c98b0b42f070895816af90,True,medium,"The source pack is explicitly a 1980–2016 Chinese draft subtitle collection; SC/TC filename variants and ASS headers identify Chinese translation evidence. No evidence establishes Taiwan official, Taiwan dub, or mainland official provenance, so those categories are intentionally not used.",1189,UTF-8-SIG,[1982]大雄在大魔境,"Language tag follows the source .sc/.tc branch. zh-TW here records the Traditional-Chinese branch only; it is NOT evidence of Taiwan origin, official localization, or Taiwan-dub wording."
EV0020,M04,1983,大雄的海底鬼岩城,のび太の海底鬼岩城,01_JA_SOURCE,ja-JP,source,WOWOW,Unknown,Conan06,P01：老 25 部日文原字幕 WOWOW 高清版本抽出的日语字幕，覆盖 1980–2004 全 25 部.zip,[Conan06] Eiga Doraemon - 04 Nobita no Kaitei Kiganjou (1983) (WOWOW 1280x720 AVC 10bit AAC1.0+DD2.0 Chap).jpn.ass,[Conan06] Eiga Doraemon - 04 Nobita no Kaitei Kiganjou (1983) (WOWOW 1280x720 AVC 10bit AAC1.0+DD2.0 Chap).jpn.ass,[Conan06] Eiga Doraemon - 04 Nobita no Kaitei Kiganjou (1983) (WOWOW 1280x720 AVC 10bit AAC1.0+DD2.0 Chap).jpn.ass,[Conan06] Eiga Doraemon - 04 Nobita no Kaitei Kiganjou (1983) (WOWOW 1280x720 AVC 10bit AAC1.0+DD2.0 Chap).jpn.ass,M04_1983_大雄的海底鬼岩城/01_JA_SOURCE/M04.1983.ja-JP.source.WOWOW.Conan06.ass,M04.1983.ja-JP.source.WOWOW.Conan06.ass,.ass,291457,b7bdd62b05693a5a3614e9f64c5efb114cd87996e8035d4a2fca3c5b52c860fb,b7bdd62b05693a5a3614e9f64c5efb114cd87996e8035d4a2fca3c5b52c860fb,True,high,"Filename explicitly identifies Eiga Doraemon movie index/year, WOWOW release, Japanese subtitle suffix, and Conan06 release tag; index/year cross-check the stable movie catalog.",2601,UTF-8-SIG,Default Aegisub file,"Creator token follows the explicit [Conan06] release tag, consistent with the requested naming example."
EV0068,M04,1983,大雄的海底鬼岩城,のび太の海底鬼岩城,02_ZH_JP_AUDIO,zh-CN,jp-audio,Fansub,Unknown,漫游字幕组,P03：1980–2016 中文底稿大包 [Doraemon_Movie][01-37][DVD&BD][Sub].zip,04[1983]大雄在海底鬼岩城/04[1983]大雄在海底鬼岩城.sc.ass,04[1983]大雄在海底鬼岩城.sc.ass,04[1983]大雄在海底鬼岩城.sc.ass,04[1983]┤≤╨█╘┌║ú╡╫╣φ╤╥│╟/04[1983]┤≤╨█╘┌║ú╡╫╣φ╤╥│╟.sc.ass,M04_1983_大雄的海底鬼岩城/02_ZH_JP_AUDIO/M04.1983.zh-CN.jp-audio.Fansub.漫游字幕组.ass,M04.1983.zh-CN.jp-audio.Fansub.漫游字幕组.ass,.ass,141135,6178505e22860268053c1a8fe1e8d769b6f3326c5c83e2504d98cff78ecf5dc7,6178505e22860268053c1a8fe1e8d769b6f3326c5c83e2504d98cff78ecf5dc7,True,medium,"The source pack is explicitly a 1980–2016 Chinese draft subtitle collection; SC/TC filename variants and ASS headers identify Chinese translation evidence. No evidence establishes Taiwan official, Taiwan dub, or mainland official provenance, so those categories are intentionally not used.",1712,UTF-8-SIG,[1983]大雄在海底鬼岩城,"Language tag follows the source .sc/.tc branch. zh-TW here records the Traditional-Chinese branch only; it is NOT evidence of Taiwan origin, official localization, or Taiwan-dub wording."
EV0040,M04,1983,大雄的海底鬼岩城,のび太の海底鬼岩城,02_ZH_JP_AUDIO,zh-CN,jp-audio,WOWOWCN,Unknown,漫游字幕组,P02：老 25 部 WOWOW 对轴简中 哆啦A梦大山版剧场版（匹配WOWOW高清版）.rar,04[1983]大雄在海底鬼岩城.ass,04[1983]大雄在海底鬼岩城.ass,04[1983]大雄在海底鬼岩城.ass,04[1983]大雄在海底鬼岩城.ass,M04_1983_大雄的海底鬼岩城/02_ZH_JP_AUDIO/M04.1983.zh-CN.jp-audio.WOWOWCN.漫游字幕组.ass,M04.1983.zh-CN.jp-audio.WOWOWCN.漫游字幕组.ass,.ass,139631,9ec1eefb0603f293dcb337a11520fd617b82887adf9ee051157cf8e85ffe187c,9ec1eefb0603f293dcb337a11520fd617b82887adf9ee051157cf8e85ffe187c,True,high,Pack name and included note explicitly state these are Simplified Chinese subtitles retimed to match the WOWOW HD Japanese-source releases; movie index/year are explicit in each filename.,1711,UTF-8-SIG,[1983]大雄在海底鬼岩城,source=WOWOWCN denotes WOWOW-aligned Chinese evidence (not a claim that WOWOW authored the Chinese translation). creator records the ASS Original Script credit; the timing-adapter identity is not stated in the source pack.
EV0069,M04,1983,大雄的海底鬼岩城,のび太の海底鬼岩城,02_ZH_JP_AUDIO,zh-TW,jp-audio,Fansub,Unknown,漫游字幕组,P03：1980–2016 中文底稿大包 [Doraemon_Movie][01-37][DVD&BD][Sub].zip,04[1983]大雄在海底鬼岩城/04[1983]大雄在海底鬼岩城.tc.ass,04[1983]大雄在海底鬼岩城.tc.ass,04[1983]大雄在海底鬼岩城.tc.ass,04[1983]┤≤╨█╘┌║ú╡╫╣φ╤╥│╟/04[1983]┤≤╨█╘┌║ú╡╫╣φ╤╥│╟.tc.ass,M04_1983_大雄的海底鬼岩城/02_ZH_JP_AUDIO/M04.1983.zh-TW.jp-audio.Fansub.漫游字幕组.ass,M04.1983.zh-TW.jp-audio.Fansub.漫游字幕组.ass,.ass,141135,182aa490e05f23639d4782c6516df7549c97d857a50208cbe63d2691b4377ba3,182aa490e05f23639d4782c6516df7549c97d857a50208cbe63d2691b4377ba3,True,medium,"The source pack is explicitly a 1980–2016 Chinese draft subtitle collection; SC/TC filename variants and ASS headers identify Chinese translation evidence. No evidence establishes Taiwan official, Taiwan dub, or mainland official provenance, so those categories are intentionally not used.",1712,UTF-8-SIG,[1983]大雄在海底鬼岩城,"Language tag follows the source .sc/.tc branch. zh-TW here records the Traditional-Chinese branch only; it is NOT evidence of Taiwan origin, official localization, or Taiwan-dub wording."
EV0021,M05,1984,大雄的魔界大冒险,のび太の魔界大冒険,01_JA_SOURCE,ja-JP,source,WOWOW,Unknown,Conan06,P01：老 25 部日文原字幕 WOWOW 高清版本抽出的日语字幕，覆盖 1980–2004 全 25 部.zip,[Conan06] Eiga Doraemon - 05 Nobita no Makai Daibouken (1984) (WOWOW 1280x720 AVC 10bit AAC1.0+DD2.0 Chap).jpn.ass,[Conan06] Eiga Doraemon - 05 Nobita no Makai Daibouken (1984) (WOWOW 1280x720 AVC 10bit AAC1.0+DD2.0 Chap).jpn.ass,[Conan06] Eiga Doraemon - 05 Nobita no Makai Daibouken (1984) (WOWOW 1280x720 AVC 10bit AAC1.0+DD2.0 Chap).jpn.ass,[Conan06] Eiga Doraemon - 05 Nobita no Makai Daibouken (1984) (WOWOW 1280x720 AVC 10bit AAC1.0+DD2.0 Chap).jpn.ass,M05_1984_大雄的魔界大冒险/01_JA_SOURCE/M05.1984.ja-JP.source.WOWOW.Conan06.ass,M05.1984.ja-JP.source.WOWOW.Conan06.ass,.ass,247297,139eb7b19007b15a89fd3831a5a0bfe475c1a352497e189e79c9c63bbfdc7b1c,139eb7b19007b15a89fd3831a5a0bfe475c1a352497e189e79c9c63bbfdc7b1c,True,high,"Filename explicitly identifies Eiga Doraemon movie index/year, WOWOW release, Japanese subtitle suffix, and Conan06 release tag; index/year cross-check the stable movie catalog.",2212,UTF-8-SIG,Default Aegisub file,"Creator token follows the explicit [Conan06] release tag, consistent with the requested naming example."
EV0070,M05,1984,大雄的魔界大冒险,のび太の魔界大冒険,02_ZH_JP_AUDIO,zh-CN,jp-audio,Fansub,Unknown,漫游字幕组,P03：1980–2016 中文底稿大包 [Doraemon_Movie][01-37][DVD&BD][Sub].zip,05[1984]大雄的魔界大冒险/05[1984]大雄的魔界大冒险.sc.ass,05[1984]大雄的魔界大冒险.sc.ass,05[1984]大雄的魔界大冒险.sc.ass,05[1984]┤≤╨█╡──º╜τ┤≤├░╧╒/05[1984]┤≤╨█╡──º╜τ┤≤├░╧╒.sc.ass,M05_1984_大雄的魔界大冒险/02_ZH_JP_AUDIO/M05.1984.zh-CN.jp-audio.Fansub.漫游字幕组.ass,M05.1984.zh-CN.jp-audio.Fansub.漫游字幕组.ass,.ass,122532,5044bee2ec9e2a889c0b8b52887f38ec75936fd8aeca9f41a4c4b61182b69d05,5044bee2ec9e2a889c0b8b52887f38ec75936fd8aeca9f41a4c4b61182b69d05,True,medium,"The source pack is explicitly a 1980–2016 Chinese draft subtitle collection; SC/TC filename variants and ASS headers identify Chinese translation evidence. No evidence establishes Taiwan official, Taiwan dub, or mainland official provenance, so those categories are intentionally not used.",1456,UTF-8-SIG,[1984]大雄的魔界大冒险,"Language tag follows the source .sc/.tc branch. zh-TW here records the Traditional-Chinese branch only; it is NOT evidence of Taiwan origin, official localization, or Taiwan-dub wording."
EV0041,M05,1984,大雄的魔界大冒险,のび太の魔界大冒険,02_ZH_JP_AUDIO,zh-CN,jp-audio,WOWOWCN,Unknown,漫游字幕组,P02：老 25 部 WOWOW 对轴简中 哆啦A梦大山版剧场版（匹配WOWOW高清版）.rar,05[1984]大雄的魔界大冒险.ass,05[1984]大雄的魔界大冒险.ass,05[1984]大雄的魔界大冒险.ass,05[1984]大雄的魔界大冒险.ass,M05_1984_大雄的魔界大冒险/02_ZH_JP_AUDIO/M05.1984.zh-CN.jp-audio.WOWOWCN.漫游字幕组.ass,M05.1984.zh-CN.jp-audio.WOWOWCN.漫游字幕组.ass,.ass,122580,296b9d77dbbf23b505aca5c581a53d182bbb8e1ffb9a0e0e7e1e8ff441f766e6,296b9d77dbbf23b505aca5c581a53d182bbb8e1ffb9a0e0e7e1e8ff441f766e6,True,high,Pack name and included note explicitly state these are Simplified Chinese subtitles retimed to match the WOWOW HD Japanese-source releases; movie index/year are explicit in each filename.,1464,UTF-8-SIG,[1984]大雄的魔界大冒险,source=WOWOWCN denotes WOWOW-aligned Chinese evidence (not a claim that WOWOW authored the Chinese translation). creator records the ASS Original Script credit; the timing-adapter identity is not stated in the source pack.
EV0071,M05,1984,大雄的魔界大冒险,のび太の魔界大冒険,02_ZH_JP_AUDIO,zh-TW,jp-audio,Fansub,Unknown,漫游字幕组,P03：1980–2016 中文底稿大包 [Doraemon_Movie][01-37][DVD&BD][Sub].zip,05[1984]大雄的魔界大冒险/05[1984]大雄的魔界大冒险.tc.ass,05[1984]大雄的魔界大冒险.tc.ass,05[1984]大雄的魔界大冒险.tc.ass,05[1984]┤≤╨█╡──º╜τ┤≤├░╧╒/05[1984]┤≤╨█╡──º╜τ┤≤├░╧╒.tc.ass,M05_1984_大雄的魔界大冒险/02_ZH_JP_AUDIO/M05.1984.zh-TW.jp-audio.Fansub.漫游字幕组.ass,M05.1984.zh-TW.jp-audio.Fansub.漫游字幕组.ass,.ass,122532,7dc671d4a5b7bc35f4c9a41e7888f5beebbddc3de593b9a9f50810e9db241bb7,7dc671d4a5b7bc35f4c9a41e7888f5beebbddc3de593b9a9f50810e9db241bb7,True,medium,"The source pack is explicitly a 1980–2016 Chinese draft subtitle collection; SC/TC filename variants and ASS headers identify Chinese translation evidence. No evidence establishes Taiwan official, Taiwan dub, or mainland official provenance, so those categories are intentionally not used.",1456,UTF-8-SIG,[1984]大雄的魔界大冒险,"Language tag follows the source .sc/.tc branch. zh-TW here records the Traditional-Chinese branch only; it is NOT evidence of Taiwan origin, official localization, or Taiwan-dub wording."
EV0022,M06,1985,大雄的宇宙小战争,のび太の宇宙小戦争,01_JA_SOURCE,ja-JP,source,WOWOW,Unknown,Conan06,P01：老 25 部日文原字幕 WOWOW 高清版本抽出的日语字幕，覆盖 1980–2004 全 25 部.zip,[Conan06] Eiga Doraemon - 06 Nobita no Little Star Wars (1985) (WOWOW 1280x720 AVC 10bit AAC1.0+DD2.0 Chap).jpn.ass,[Conan06] Eiga Doraemon - 06 Nobita no Little Star Wars (1985) (WOWOW 1280x720 AVC 10bit AAC1.0+DD2.0 Chap).jpn.ass,[Conan06] Eiga Doraemon - 06 Nobita no Little Star Wars (1985) (WOWOW 1280x720 AVC 10bit AAC1.0+DD2.0 Chap).jpn.ass,[Conan06] Eiga Doraemon - 06 Nobita no Little Star Wars (1985) (WOWOW 1280x720 AVC 10bit AAC1.0+DD2.0 Chap).jpn.ass,M06_1985_大雄的宇宙小战争/01_JA_SOURCE/M06.1985.ja-JP.source.WOWOW.Conan06.ass,M06.1985.ja-JP.source.WOWOW.Conan06.ass,.ass,232903,d78a26e5db13c3e5ec003f73c47822c4ee0039e3f3fed596834ca1f42ac1ca07,d78a26e5db13c3e5ec003f73c47822c4ee0039e3f3fed596834ca1f42ac1ca07,True,high,"Filename explicitly identifies Eiga Doraemon movie index/year, WOWOW release, Japanese subtitle suffix, and Conan06 release tag; index/year cross-check the stable movie catalog.",2099,UTF-8-SIG,Default Aegisub file,"Creator token follows the explicit [Conan06] release tag, consistent with the requested naming example."
EV0072,M06,1985,大雄的宇宙小战争,のび太の宇宙小戦争,02_ZH_JP_AUDIO,zh-CN,jp-audio,Fansub,Unknown,漫游字幕组,P03：1980–2016 中文底稿大包 [Doraemon_Movie][01-37][DVD&BD][Sub].zip,06[1985]大雄的宇宙小战争/06[1985]大雄的宇宙小战争.sc.ass,06[1985]大雄的宇宙小战争.sc.ass,06[1985]大雄的宇宙小战争.sc.ass,06[1985]┤≤╨█╡─╙ε╓µ╨í╒╜╒∙/06[1985]┤≤╨█╡─╙ε╓µ╨í╒╜╒∙.sc.ass,M06_1985_大雄的宇宙小战争/02_ZH_JP_AUDIO/M06.1985.zh-CN.jp-audio.Fansub.漫游字幕组.ass,M06.1985.zh-CN.jp-audio.Fansub.漫游字幕组.ass,.ass,113236,c5eb0c68eff11b16cb9d662c873f9851e199e715d7d146731f2bd59210009c1b,c5eb0c68eff11b16cb9d662c873f9851e199e715d7d146731f2bd59210009c1b,True,medium,"The source pack is explicitly a 1980–2016 Chinese draft subtitle collection; SC/TC filename variants and ASS headers identify Chinese translation evidence. No evidence establishes Taiwan official, Taiwan dub, or mainland official provenance, so those categories are intentionally not used.",1353,UTF-8-SIG,[1985]大雄的宇宙小战争,"Language tag follows the source .sc/.tc branch. zh-TW here records the Traditional-Chinese branch only; it is NOT evidence of Taiwan origin, official localization, or Taiwan-dub wording."
EV0042,M06,1985,大雄的宇宙小战争,のび太の宇宙小戦争,02_ZH_JP_AUDIO,zh-CN,jp-audio,WOWOWCN,Unknown,Unknown,P02：老 25 部 WOWOW 对轴简中 哆啦A梦大山版剧场版（匹配WOWOW高清版）.rar,06[1985]大雄的宇宙小战争.ass,06[1985]大雄的宇宙小战争.ass,06[1985]大雄的宇宙小战争.ass,06[1985]大雄的宇宙小战争.ass,M06_1985_大雄的宇宙小战争/02_ZH_JP_AUDIO/M06.1985.zh-CN.jp-audio.WOWOWCN.Unknown.ass,M06.1985.zh-CN.jp-audio.WOWOWCN.Unknown.ass,.ass,113290,67dc2b024a8f899f40beb859258ece22f7d1c456474f19c670a7efeccc5f0423,67dc2b024a8f899f40beb859258ece22f7d1c456474f19c670a7efeccc5f0423,True,high,Pack name and included note explicitly state these are Simplified Chinese subtitles retimed to match the WOWOW HD Japanese-source releases; movie index/year are explicit in each filename.,1352,UTF-8-SIG,,source=WOWOWCN denotes WOWOW-aligned Chinese evidence (not a claim that WOWOW authored the Chinese translation). creator records the ASS Original Script credit; the timing-adapter identity is not stated in the source pack.
EV0073,M06,1985,大雄的宇宙小战争,のび太の宇宙小戦争,02_ZH_JP_AUDIO,zh-TW,jp-audio,Fansub,Unknown,漫游字幕组,P03：1980–2016 中文底稿大包 [Doraemon_Movie][01-37][DVD&BD][Sub].zip,06[1985]大雄的宇宙小战争/06[1985]大雄的宇宙小战争.tc.ass,06[1985]大雄的宇宙小战争.tc.ass,06[1985]大雄的宇宙小战争.tc.ass,06[1985]┤≤╨█╡─╙ε╓µ╨í╒╜╒∙/06[1985]┤≤╨█╡─╙ε╓µ╨í╒╜╒∙.tc.ass,M06_1985_大雄的宇宙小战争/02_ZH_JP_AUDIO/M06.1985.zh-TW.jp-audio.Fansub.漫游字幕组.ass,M06.1985.zh-TW.jp-audio.Fansub.漫游字幕组.ass,.ass,113236,c3497f1d89f076dd49d7301c6e6a0f4d6a91d5737f4830df0a6d07f7088a07db,c3497f1d89f076dd49d7301c6e6a0f4d6a91d5737f4830df0a6d07f7088a07db,True,medium,"The source pack is explicitly a 1980–2016 Chinese draft subtitle collection; SC/TC filename variants and ASS headers identify Chinese translation evidence. No evidence establishes Taiwan official, Taiwan dub, or mainland official provenance, so those categories are intentionally not used.",1353,UTF-8-SIG,[1985]大雄的宇宙小战争,"Language tag follows the source .sc/.tc branch. zh-TW here records the Traditional-Chinese branch only; it is NOT evidence of Taiwan origin, official localization, or Taiwan-dub wording."
EV0023,M07,1986,大雄与铁人兵团,のび太と鉄人兵団,01_JA_SOURCE,ja-JP,source,WOWOW,Unknown,Conan06,P01：老 25 部日文原字幕 WOWOW 高清版本抽出的日语字幕，覆盖 1980–2004 全 25 部.zip,[Conan06] Eiga Doraemon - 07 Nobita to Tetsujin Heidan (1986) (WOWOW 1280x720 AVC 10bit AAC1.0+DD2.0 Chap).jpn.ass,[Conan06] Eiga Doraemon - 07 Nobita to Tetsujin Heidan (1986) (WOWOW 1280x720 AVC 10bit AAC1.0+DD2.0 Chap).jpn.ass,[Conan06] Eiga Doraemon - 07 Nobita to Tetsujin Heidan (1986) (WOWOW 1280x720 AVC 10bit AAC1.0+DD2.0 Chap).jpn.ass,[Conan06] Eiga Doraemon - 07 Nobita to Tetsujin Heidan (1986) (WOWOW 1280x720 AVC 10bit AAC1.0+DD2.0 Chap).jpn.ass,M07_1986_大雄与铁人兵团/01_JA_SOURCE/M07.1986.ja-JP.source.WOWOW.Conan06.ass,M07.1986.ja-JP.source.WOWOW.Conan06.ass,.ass,263248,31c92562ef91e1d0346268a65f1026f356a06da2ba7cbe434e8bdc190a95a508,31c92562ef91e1d0346268a65f1026f356a06da2ba7cbe434e8bdc190a95a508,True,high,"Filename explicitly identifies Eiga Doraemon movie index/year, WOWOW release, Japanese subtitle suffix, and Conan06 release tag; index/year cross-check the stable movie catalog.",2340,UTF-8-SIG,Default Aegisub file,"Creator token follows the explicit [Conan06] release tag, consistent with the requested naming example."
EV0074,M07,1986,大雄与铁人兵团,のび太と鉄人兵団,02_ZH_JP_AUDIO,zh-CN,jp-audio,Fansub,Unknown,漫游字幕组,P03：1980–2016 中文底稿大包 [Doraemon_Movie][01-37][DVD&BD][Sub].zip,07[1986]大雄与铁人兵团/07[1986]大雄与铁人兵团.sc.ass,07[1986]大雄与铁人兵团.sc.ass,07[1986]大雄与铁人兵团.sc.ass,07[1986]┤≤╨█╙δ╠·╚╦▒°═┼/07[1986]┤≤╨█╙δ╠·╚╦▒°═┼.sc.ass,M07_1986_大雄与铁人兵团/02_ZH_JP_AUDIO/M07.1986.zh-CN.jp-audio.Fansub.漫游字幕组.ass,M07.1986.zh-CN.jp-audio.Fansub.漫游字幕组.ass,.ass,128880,1eadcc18ce4d50d12ec6e380f87394a3119894224e1134ce4f15f04713b9cdea,1eadcc18ce4d50d12ec6e380f87394a3119894224e1134ce4f15f04713b9cdea,True,medium,"The source pack is explicitly a 1980–2016 Chinese draft subtitle collection; SC/TC filename variants and ASS headers identify Chinese translation evidence. No evidence establishes Taiwan official, Taiwan dub, or mainland official provenance, so those categories are intentionally not used.",1582,UTF-8-SIG,[1986]大雄与铁人兵团,"Language tag follows the source .sc/.tc branch. zh-TW here records the Traditional-Chinese branch only; it is NOT evidence of Taiwan origin, official localization, or Taiwan-dub wording."
EV0043,M07,1986,大雄与铁人兵团,のび太と鉄人兵団,02_ZH_JP_AUDIO,zh-CN,jp-audio,WOWOWCN,Unknown,漫游字幕组,P02：老 25 部 WOWOW 对轴简中 哆啦A梦大山版剧场版（匹配WOWOW高清版）.rar,07[1986]大雄与铁人兵团.ass,07[1986]大雄与铁人兵团.ass,07[1986]大雄与铁人兵团.ass,07[1986]大雄与铁人兵团.ass,M07_1986_大雄与铁人兵团/02_ZH_JP_AUDIO/M07.1986.zh-CN.jp-audio.WOWOWCN.漫游字幕组.ass,M07.1986.zh-CN.jp-audio.WOWOWCN.漫游字幕组.ass,.ass,127584,b4bd382b25880cb8065f0ceb3c042056d834719494fd260312a1fb1ac582021f,b4bd382b25880cb8065f0ceb3c042056d834719494fd260312a1fb1ac582021f,True,high,Pack name and included note explicitly state these are Simplified Chinese subtitles retimed to match the WOWOW HD Japanese-source releases; movie index/year are explicit in each filename.,1582,UTF-8-SIG,[1986]大雄与铁人兵团,source=WOWOWCN denotes WOWOW-aligned Chinese evidence (not a claim that WOWOW authored the Chinese translation). creator records the ASS Original Script credit; the timing-adapter identity is not stated in the source pack.
EV0075,M07,1986,大雄与铁人兵团,のび太と鉄人兵団,02_ZH_JP_AUDIO,zh-TW,jp-audio,Fansub,Unknown,漫游字幕组,P03：1980–2016 中文底稿大包 [Doraemon_Movie][01-37][DVD&BD][Sub].zip,07[1986]大雄与铁人兵团/07[1986]大雄与铁人兵团.tc.ass,07[1986]大雄与铁人兵团.tc.ass,07[1986]大雄与铁人兵团.tc.ass,07[1986]┤≤╨█╙δ╠·╚╦▒°═┼/07[1986]┤≤╨█╙δ╠·╚╦▒°═┼.tc.ass,M07_1986_大雄与铁人兵团/02_ZH_JP_AUDIO/M07.1986.zh-TW.jp-audio.Fansub.漫游字幕组.ass,M07.1986.zh-TW.jp-audio.Fansub.漫游字幕组.ass,.ass,128880,bc7f4d3693ce1ada47cb47f466b915233265baab61b4d573f14d3438e448441f,bc7f4d3693ce1ada47cb47f466b915233265baab61b4d573f14d3438e448441f,True,medium,"The source pack is explicitly a 1980–2016 Chinese draft subtitle collection; SC/TC filename variants and ASS headers identify Chinese translation evidence. No evidence establishes Taiwan official, Taiwan dub, or mainland official provenance, so those categories are intentionally not used.",1582,UTF-8-SIG,[1986]大雄与铁人兵团,"Language tag follows the source .sc/.tc branch. zh-TW here records the Traditional-Chinese branch only; it is NOT evidence of Taiwan origin, official localization, or Taiwan-dub wording."
EV0024,M08,1987,大雄与龙骑士,のび太と竜の騎士,01_JA_SOURCE,ja-JP,source,WOWOW,Unknown,Conan06,P01：老 25 部日文原字幕 WOWOW 高清版本抽出的日语字幕，覆盖 1980–2004 全 25 部.zip,[Conan06] Eiga Doraemon - 08 Nobita to Ryuu no Kishi (1987) (WOWOW 1280x720 AVC 10bit AAC1.0+DD2.0 Chap).jpn.ass,[Conan06] Eiga Doraemon - 08 Nobita to Ryuu no Kishi (1987) (WOWOW 1280x720 AVC 10bit AAC1.0+DD2.0 Chap).jpn.ass,[Conan06] Eiga Doraemon - 08 Nobita to Ryuu no Kishi (1987) (WOWOW 1280x720 AVC 10bit AAC1.0+DD2.0 Chap).jpn.ass,[Conan06] Eiga Doraemon - 08 Nobita to Ryuu no Kishi (1987) (WOWOW 1280x720 AVC 10bit AAC1.0+DD2.0 Chap).jpn.ass,M08_1987_大雄与龙骑士/01_JA_SOURCE/M08.1987.ja-JP.source.WOWOW.Conan06.ass,M08.1987.ja-JP.source.WOWOW.Conan06.ass,.ass,231206,4e4540ac9aef871536ba9537772c9e01a26d512c1d7569af1e51393c517ae586,4e4540ac9aef871536ba9537772c9e01a26d512c1d7569af1e51393c517ae586,True,high,"Filename explicitly identifies Eiga Doraemon movie index/year, WOWOW release, Japanese subtitle suffix, and Conan06 release tag; index/year cross-check the stable movie catalog.",2066,UTF-8-SIG,Default Aegisub file,"Creator token follows the explicit [Conan06] release tag, consistent with the requested naming example."
EV0076,M08,1987,大雄与龙骑士,のび太と竜の騎士,02_ZH_JP_AUDIO,zh-CN,jp-audio,Fansub,Unknown,漫游字幕组,P03：1980–2016 中文底稿大包 [Doraemon_Movie][01-37][DVD&BD][Sub].zip,08[1987]大雄与恐龙骑士/08[1987]大雄与恐龙骑士.sc.ass,08[1987]大雄与恐龙骑士.sc.ass,08[1987]大雄与恐龙骑士.sc.ass,08[1987]┤≤╨█╙δ┐╓┴·╞∩╩┐/08[1987]┤≤╨█╙δ┐╓┴·╞∩╩┐.sc.ass,M08_1987_大雄与龙骑士/02_ZH_JP_AUDIO/M08.1987.zh-CN.jp-audio.Fansub.漫游字幕组.ass,M08.1987.zh-CN.jp-audio.Fansub.漫游字幕组.ass,.ass,111538,cdd16c377dc5124398d33a9403a3b0046664522ecf73636e10cebfd1db6ec1ba,cdd16c377dc5124398d33a9403a3b0046664522ecf73636e10cebfd1db6ec1ba,True,medium,"The source pack is explicitly a 1980–2016 Chinese draft subtitle collection; SC/TC filename variants and ASS headers identify Chinese translation evidence. No evidence establishes Taiwan official, Taiwan dub, or mainland official provenance, so those categories are intentionally not used.",1314,UTF-8-SIG,[1987]大雄与恐龙骑士,"Language tag follows the source .sc/.tc branch. zh-TW here records the Traditional-Chinese branch only; it is NOT evidence of Taiwan origin, official localization, or Taiwan-dub wording."
EV0044,M08,1987,大雄与龙骑士,のび太と竜の騎士,02_ZH_JP_AUDIO,zh-CN,jp-audio,WOWOWCN,Unknown,漫游字幕组,P02：老 25 部 WOWOW 对轴简中 哆啦A梦大山版剧场版（匹配WOWOW高清版）.rar,08[1987]大雄与恐龙骑士.ass,08[1987]大雄与恐龙骑士.ass,08[1987]大雄与恐龙骑士.ass,08[1987]大雄与恐龙骑士.ass,M08_1987_大雄与龙骑士/02_ZH_JP_AUDIO/M08.1987.zh-CN.jp-audio.WOWOWCN.漫游字幕组.ass,M08.1987.zh-CN.jp-audio.WOWOWCN.漫游字幕组.ass,.ass,110453,a32408e0bb6fd0cdb1e8ebd92ec4ef589c5be0a48b0ccc1b2a40a1fa4d16ecf5,a32408e0bb6fd0cdb1e8ebd92ec4ef589c5be0a48b0ccc1b2a40a1fa4d16ecf5,True,high,Pack name and included note explicitly state these are Simplified Chinese subtitles retimed to match the WOWOW HD Japanese-source releases; movie index/year are explicit in each filename.,1314,UTF-8-SIG,[1987]大雄与恐龙骑士,source=WOWOWCN denotes WOWOW-aligned Chinese evidence (not a claim that WOWOW authored the Chinese translation). creator records the ASS Original Script credit; the timing-adapter identity is not stated in the source pack.
EV0077,M08,1987,大雄与龙骑士,のび太と竜の騎士,02_ZH_JP_AUDIO,zh-TW,jp-audio,Fansub,Unknown,漫游字幕组,P03：1980–2016 中文底稿大包 [Doraemon_Movie][01-37][DVD&BD][Sub].zip,08[1987]大雄与恐龙骑士/08[1987]大雄与恐龙骑士.tc.ass,08[1987]大雄与恐龙骑士.tc.ass,08[1987]大雄与恐龙骑士.tc.ass,08[1987]┤≤╨█╙δ┐╓┴·╞∩╩┐/08[1987]┤≤╨█╙δ┐╓┴·╞∩╩┐.tc.ass,M08_1987_大雄与龙骑士/02_ZH_JP_AUDIO/M08.1987.zh-TW.jp-audio.Fansub.漫游字幕组.ass,M08.1987.zh-TW.jp-audio.Fansub.漫游字幕组.ass,.ass,111538,005332d8d487aed1e076600d02bf7d0200a8b9a15ac79b66e81f41c807ae4e74,005332d8d487aed1e076600d02bf7d0200a8b9a15ac79b66e81f41c807ae4e74,True,medium,"The source pack is explicitly a 1980–2016 Chinese draft subtitle collection; SC/TC filename variants and ASS headers identify Chinese translation evidence. No evidence establishes Taiwan official, Taiwan dub, or mainland official provenance, so those categories are intentionally not used.",1314,UTF-8-SIG,[1987]大雄与恐龙骑士,"Language tag follows the source .sc/.tc branch. zh-TW here records the Traditional-Chinese branch only; it is NOT evidence of Taiwan origin, official localization, or Taiwan-dub wording."
EV0025,M09,1988,大雄的平行西游记,のび太のパラレル西遊記,01_JA_SOURCE,ja-JP,source,WOWOW,Unknown,Conan06,P01：老 25 部日文原字幕 WOWOW 高清版本抽出的日语字幕，覆盖 1980–2004 全 25 部.zip,[Conan06] Eiga Doraemon - 09 Nobita no Parallel Saiyuuki (1988) (WOWOW 1280x720 AVC 10bit AAC1.0+DD2.0 Chap).jpn.ass,[Conan06] Eiga Doraemon - 09 Nobita no Parallel Saiyuuki (1988) (WOWOW 1280x720 AVC 10bit AAC1.0+DD2.0 Chap).jpn.ass,[Conan06] Eiga Doraemon - 09 Nobita no Parallel Saiyuuki (1988) (WOWOW 1280x720 AVC 10bit AAC1.0+DD2.0 Chap).jpn.ass,[Conan06] Eiga Doraemon - 09 Nobita no Parallel Saiyuuki (1988) (WOWOW 1280x720 AVC 10bit AAC1.0+DD2.0 Chap).jpn.ass,M09_1988_大雄的平行西游记/01_JA_SOURCE/M09.1988.ja-JP.source.WOWOW.Conan06.ass,M09.1988.ja-JP.source.WOWOW.Conan06.ass,.ass,227474,c74ff86a2f61f344111409a82ce7f3e12dd0947fdf58c2a9c9d8d79392ac1c0c,c74ff86a2f61f344111409a82ce7f3e12dd0947fdf58c2a9c9d8d79392ac1c0c,True,high,"Filename explicitly identifies Eiga Doraemon movie index/year, WOWOW release, Japanese subtitle suffix, and Conan06 release tag; index/year cross-check the stable movie catalog.",2046,UTF-8-SIG,Default Aegisub file,"Creator token follows the explicit [Conan06] release tag, consistent with the requested naming example."
EV0078,M09,1988,大雄的平行西游记,のび太のパラレル西遊記,02_ZH_JP_AUDIO,zh-CN,jp-audio,Fansub,Unknown,漫游字幕组,P03：1980–2016 中文底稿大包 [Doraemon_Movie][01-37][DVD&BD][Sub].zip,09[1988]大雄的平行西游记/09[1988]大雄的平行西游记.sc.ass,09[1988]大雄的平行西游记.sc.ass,09[1988]大雄的平行西游记.sc.ass,09[1988]┤≤╨█╡─╞╜╨╨╬≈╙╬╝╟/09[1988]┤≤╨█╡─╞╜╨╨╬≈╙╬╝╟.sc.ass,M09_1988_大雄的平行西游记/02_ZH_JP_AUDIO/M09.1988.zh-CN.jp-audio.Fansub.漫游字幕组.ass,M09.1988.zh-CN.jp-audio.Fansub.漫游字幕组.ass,.ass,113191,33bad3554f1f2b115858b490ee48d2378dfb8f7f83ead2b26a64069350f2be7e,33bad3554f1f2b115858b490ee48d2378dfb8f7f83ead2b26a64069350f2be7e,True,medium,"The source pack is explicitly a 1980–2016 Chinese draft subtitle collection; SC/TC filename variants and ASS headers identify Chinese translation evidence. No evidence establishes Taiwan official, Taiwan dub, or mainland official provenance, so those categories are intentionally not used.",1355,UTF-8-SIG,[1988]大雄的平行西游记,"Language tag follows the source .sc/.tc branch. zh-TW here records the Traditional-Chinese branch only; it is NOT evidence of Taiwan origin, official localization, or Taiwan-dub wording."
EV0045,M09,1988,大雄的平行西游记,のび太のパラレル西遊記,02_ZH_JP_AUDIO,zh-CN,jp-audio,WOWOWCN,Unknown,漫游字幕组,P02：老 25 部 WOWOW 对轴简中 哆啦A梦大山版剧场版（匹配WOWOW高清版）.rar,09[1988]大雄的平行西游记.ass,09[1988]大雄的平行西游记.ass,09[1988]大雄的平行西游记.ass,09[1988]大雄的平行西游记.ass,M09_1988_大雄的平行西游记/02_ZH_JP_AUDIO/M09.1988.zh-CN.jp-audio.WOWOWCN.漫游字幕组.ass,M09.1988.zh-CN.jp-audio.WOWOWCN.漫游字幕组.ass,.ass,112065,965101b9e29a2c6789f420532877265784dc1aed52416d43991ad1fc5aa2d8cf,965101b9e29a2c6789f420532877265784dc1aed52416d43991ad1fc5aa2d8cf,True,high,Pack name and included note explicitly state these are Simplified Chinese subtitles retimed to match the WOWOW HD Japanese-source releases; movie index/year are explicit in each filename.,1355,UTF-8-SIG,[1988]大雄的平行西游记,source=WOWOWCN denotes WOWOW-aligned Chinese evidence (not a claim that WOWOW authored the Chinese translation). creator records the ASS Original Script credit; the timing-adapter identity is not stated in the source pack.
EV0079,M09,1988,大雄的平行西游记,のび太のパラレル西遊記,02_ZH_JP_AUDIO,zh-TW,jp-audio,Fansub,Unknown,漫游字幕组,P03：1980–2016 中文底稿大包 [Doraemon_Movie][01-37][DVD&BD][Sub].zip,09[1988]大雄的平行西游记/09[1988]大雄的平行西游记.tc.ass,09[1988]大雄的平行西游记.tc.ass,09[1988]大雄的平行西游记.tc.ass,09[1988]┤≤╨█╡─╞╜╨╨╬≈╙╬╝╟/09[1988]┤≤╨█╡─╞╜╨╨╬≈╙╬╝╟.tc.ass,M09_1988_大雄的平行西游记/02_ZH_JP_AUDIO/M09.1988.zh-TW.jp-audio.Fansub.漫游字幕组.ass,M09.1988.zh-TW.jp-audio.Fansub.漫游字幕组.ass,.ass,113191,18e5d371f2c8cd1ed838c2a6651d88773b28989242ce4eab9540f9acab501c24,18e5d371f2c8cd1ed838c2a6651d88773b28989242ce4eab9540f9acab501c24,True,medium,"The source pack is explicitly a 1980–2016 Chinese draft subtitle collection; SC/TC filename variants and ASS headers identify Chinese translation evidence. No evidence establishes Taiwan official, Taiwan dub, or mainland official provenance, so those categories are intentionally not used.",1355,UTF-8-SIG,[1988]大雄的平行西游记,"Language tag follows the source .sc/.tc branch. zh-TW here records the Traditional-Chinese branch only; it is NOT evidence of Taiwan origin, official localization, or Taiwan-dub wording."
EV0026,M10,1989,大雄的日本诞生,のび太の日本誕生,01_JA_SOURCE,ja-JP,source,WOWOW,Unknown,Conan06,P01：老 25 部日文原字幕 WOWOW 高清版本抽出的日语字幕，覆盖 1980–2004 全 25 部.zip,[Conan06] Eiga Doraemon - 10 Nobita no Nippon Tanjou (1989) (WOWOW 1280x720 AVC 10bit AAC2.0+DD2.0 Chap).jpn.ass,[Conan06] Eiga Doraemon - 10 Nobita no Nippon Tanjou (1989) (WOWOW 1280x720 AVC 10bit AAC2.0+DD2.0 Chap).jpn.ass,[Conan06] Eiga Doraemon - 10 Nobita no Nippon Tanjou (1989) (WOWOW 1280x720 AVC 10bit AAC2.0+DD2.0 Chap).jpn.ass,[Conan06] Eiga Doraemon - 10 Nobita no Nippon Tanjou (1989) (WOWOW 1280x720 AVC 10bit AAC2.0+DD2.0 Chap).jpn.ass,M10_1989_大雄的日本诞生/01_JA_SOURCE/M10.1989.ja-JP.source.WOWOW.Conan06.ass,M10.1989.ja-JP.source.WOWOW.Conan06.ass,.ass,259016,5917ea94d3c756b34b418ce4e6827fff3db8eeb8ff5b982f13c0aae7957866f8,5917ea94d3c756b34b418ce4e6827fff3db8eeb8ff5b982f13c0aae7957866f8,True,high,"Filename explicitly identifies Eiga Doraemon movie index/year, WOWOW release, Japanese subtitle suffix, and Conan06 release tag; index/year cross-check the stable movie catalog.",2306,UTF-8-SIG,Default Aegisub file,"Creator token follows the explicit [Conan06] release tag, consistent with the requested naming example."
EV0080,M10,1989,大雄的日本诞生,のび太の日本誕生,02_ZH_JP_AUDIO,zh-CN,jp-audio,Fansub,Unknown,漫游字幕组,P03：1980–2016 中文底稿大包 [Doraemon_Movie][01-37][DVD&BD][Sub].zip,10[1989]大雄与日本的诞生/10[1989]大雄与日本的诞生.sc.ass,10[1989]大雄与日本的诞生.sc.ass,10[1989]大雄与日本的诞生.sc.ass,10[1989]┤≤╨█╙δ╚╒▒╛╡─╡«╔·/10[1989]┤≤╨█╙δ╚╒▒╛╡─╡«╔·.sc.ass,M10_1989_大雄的日本诞生/02_ZH_JP_AUDIO/M10.1989.zh-CN.jp-audio.Fansub.漫游字幕组.ass,M10.1989.zh-CN.jp-audio.Fansub.漫游字幕组.ass,.ass,120549,aa7cde886627e6c1d73cea765aed801224f9ac0927825127fc5bc931c31c7c24,aa7cde886627e6c1d73cea765aed801224f9ac0927825127fc5bc931c31c7c24,True,medium,"The source pack is explicitly a 1980–2016 Chinese draft subtitle collection; SC/TC filename variants and ASS headers identify Chinese translation evidence. No evidence establishes Taiwan official, Taiwan dub, or mainland official provenance, so those categories are intentionally not used.",1450,UTF-8-SIG,[1989]大雄与日本的诞生,"Language tag follows the source .sc/.tc branch. zh-TW here records the Traditional-Chinese branch only; it is NOT evidence of Taiwan origin, official localization, or Taiwan-dub wording."
EV0046,M10,1989,大雄的日本诞生,のび太の日本誕生,02_ZH_JP_AUDIO,zh-CN,jp-audio,WOWOWCN,Unknown,Unknown,P02：老 25 部 WOWOW 对轴简中 哆啦A梦大山版剧场版（匹配WOWOW高清版）.rar,10[1989]大雄与日本的诞生.ass,10[1989]大雄与日本的诞生.ass,10[1989]大雄与日本的诞生.ass,10[1989]大雄与日本的诞生.ass,M10_1989_大雄的日本诞生/02_ZH_JP_AUDIO/M10.1989.zh-CN.jp-audio.WOWOWCN.Unknown.ass,M10.1989.zh-CN.jp-audio.WOWOWCN.Unknown.ass,.ass,132186,2c6d6270e94cdb019acd4b7f89064af2a357d2d91bfae6c00f185bf6612cee14,2c6d6270e94cdb019acd4b7f89064af2a357d2d91bfae6c00f185bf6612cee14,True,high,Pack name and included note explicitly state these are Simplified Chinese subtitles retimed to match the WOWOW HD Japanese-source releases; movie index/year are explicit in each filename.,1448,UTF-8-SIG,,source=WOWOWCN denotes WOWOW-aligned Chinese evidence (not a claim that WOWOW authored the Chinese translation). creator records the ASS Original Script credit; the timing-adapter identity is not stated in the source pack.
EV0081,M10,1989,大雄的日本诞生,のび太の日本誕生,02_ZH_JP_AUDIO,zh-TW,jp-audio,Fansub,Unknown,漫游字幕组,P03：1980–2016 中文底稿大包 [Doraemon_Movie][01-37][DVD&BD][Sub].zip,10[1989]大雄与日本的诞生/10[1989]大雄与日本的诞生.tc.ass,10[1989]大雄与日本的诞生.tc.ass,10[1989]大雄与日本的诞生.tc.ass,10[1989]┤≤╨█╙δ╚╒▒╛╡─╡«╔·/10[1989]┤≤╨█╙δ╚╒▒╛╡─╡«╔·.tc.ass,M10_1989_大雄的日本诞生/02_ZH_JP_AUDIO/M10.1989.zh-TW.jp-audio.Fansub.漫游字幕组.ass,M10.1989.zh-TW.jp-audio.Fansub.漫游字幕组.ass,.ass,120549,2df0e75910f45b94118027594863dfed04abd5d96f57cec2e9c92a2c2dbdbb73,2df0e75910f45b94118027594863dfed04abd5d96f57cec2e9c92a2c2dbdbb73,True,medium,"The source pack is explicitly a 1980–2016 Chinese draft subtitle collection; SC/TC filename variants and ASS headers identify Chinese translation evidence. No evidence establishes Taiwan official, Taiwan dub, or mainland official provenance, so those categories are intentionally not used.",1450,UTF-8-SIG,[1989]大雄与日本的诞生,"Language tag follows the source .sc/.tc branch. zh-TW here records the Traditional-Chinese branch only; it is NOT evidence of Taiwan origin, official localization, or Taiwan-dub wording."
EV0027,M11,1990,大雄与动物行星,のび太とアニマル惑星,01_JA_SOURCE,ja-JP,source,WOWOW,Unknown,Conan06,P01：老 25 部日文原字幕 WOWOW 高清版本抽出的日语字幕，覆盖 1980–2004 全 25 部.zip,[Conan06] Eiga Doraemon - 11 Nobita to Animal Planet (1990) (WOWOW 1280x720 AVC 10bit AAC2.0+DD2.0 Chap).jpn.ass,[Conan06] Eiga Doraemon - 11 Nobita to Animal Planet (1990) (WOWOW 1280x720 AVC 10bit AAC2.0+DD2.0 Chap).jpn.ass,[Conan06] Eiga Doraemon - 11 Nobita to Animal Planet (1990) (WOWOW 1280x720 AVC 10bit AAC2.0+DD2.0 Chap).jpn.ass,[Conan06] Eiga Doraemon - 11 Nobita to Animal Planet (1990) (WOWOW 1280x720 AVC 10bit AAC2.0+DD2.0 Chap).jpn.ass,M11_1990_大雄与动物行星/01_JA_SOURCE/M11.1990.ja-JP.source.WOWOW.Conan06.ass,M11.1990.ja-JP.source.WOWOW.Conan06.ass,.ass,275592,ac560d3518ac9805bcb763bbfc22d339d523188aa23841f2459def791d2e25c2,ac560d3518ac9805bcb763bbfc22d339d523188aa23841f2459def791d2e25c2,True,high,"Filename explicitly identifies Eiga Doraemon movie index/year, WOWOW release, Japanese subtitle suffix, and Conan06 release tag; index/year cross-check the stable movie catalog.",2484,UTF-8-SIG,Default Aegisub file,"Creator token follows the explicit [Conan06] release tag, consistent with the requested naming example."
EV0082,M11,1990,大雄与动物行星,のび太とアニマル惑星,02_ZH_JP_AUDIO,zh-CN,jp-audio,Fansub,Unknown,漫游字幕组,P03：1980–2016 中文底稿大包 [Doraemon_Movie][01-37][DVD&BD][Sub].zip,11[1990]大雄与动物行星/11[1990]大雄与动物行星.sc.ass,11[1990]大雄与动物行星.sc.ass,11[1990]大雄与动物行星.sc.ass,11[1990]┤≤╨█╙δ╢»╬∩╨╨╨╟/11[1990]┤≤╨█╙δ╢»╬∩╨╨╨╟.sc.ass,M11_1990_大雄与动物行星/02_ZH_JP_AUDIO/M11.1990.zh-CN.jp-audio.Fansub.漫游字幕组.ass,M11.1990.zh-CN.jp-audio.Fansub.漫游字幕组.ass,.ass,152104,44418008ec4fb11e03ce94634ea049a74527478978d937045546c51ac5d21071,44418008ec4fb11e03ce94634ea049a74527478978d937045546c51ac5d21071,True,medium,"The source pack is explicitly a 1980–2016 Chinese draft subtitle collection; SC/TC filename variants and ASS headers identify Chinese translation evidence. No evidence establishes Taiwan official, Taiwan dub, or mainland official provenance, so those categories are intentionally not used.",1928,UTF-8-SIG,[1990]大雄与动物行星,"Language tag follows the source .sc/.tc branch. zh-TW here records the Traditional-Chinese branch only; it is NOT evidence of Taiwan origin, official localization, or Taiwan-dub wording."
EV0047,M11,1990,大雄与动物行星,のび太とアニマル惑星,02_ZH_JP_AUDIO,zh-CN,jp-audio,WOWOWCN,Unknown,漫游字幕组,P02：老 25 部 WOWOW 对轴简中 哆啦A梦大山版剧场版（匹配WOWOW高清版）.rar,11[1990]大雄与动物行星.ass,11[1990]大雄与动物行星.ass,11[1990]大雄与动物行星.ass,11[1990]大雄与动物行星.ass,M11_1990_大雄与动物行星/02_ZH_JP_AUDIO/M11.1990.zh-CN.jp-audio.WOWOWCN.漫游字幕组.ass,M11.1990.zh-CN.jp-audio.WOWOWCN.漫游字幕组.ass,.ass,152212,1eb941a5103af32d0f3e9f05879cee105fa1fe51e36ca5ce067103b7ec6be1b8,1eb941a5103af32d0f3e9f05879cee105fa1fe51e36ca5ce067103b7ec6be1b8,True,high,Pack name and included note explicitly state these are Simplified Chinese subtitles retimed to match the WOWOW HD Japanese-source releases; movie index/year are explicit in each filename.,1925,UTF-8-SIG,[1990]大雄与动物行星,source=WOWOWCN denotes WOWOW-aligned Chinese evidence (not a claim that WOWOW authored the Chinese translation). creator records the ASS Original Script credit; the timing-adapter identity is not stated in the source pack.
EV0083,M11,1990,大雄与动物行星,のび太とアニマル惑星,02_ZH_JP_AUDIO,zh-TW,jp-audio,Fansub,Unknown,漫游字幕组,P03：1980–2016 中文底稿大包 [Doraemon_Movie][01-37][DVD&BD][Sub].zip,11[1990]大雄与动物行星/11[1990]大雄与动物行星.tc.ass,11[1990]大雄与动物行星.tc.ass,11[1990]大雄与动物行星.tc.ass,11[1990]┤≤╨█╙δ╢»╬∩╨╨╨╟/11[1990]┤≤╨█╙δ╢»╬∩╨╨╨╟.tc.ass,M11_1990_大雄与动物行星/02_ZH_JP_AUDIO/M11.1990.zh-TW.jp-audio.Fansub.漫游字幕组.ass,M11.1990.zh-TW.jp-audio.Fansub.漫游字幕组.ass,.ass,152104,ade821f181facda913b7110d02314288e585ed96ef2080e45308272fbabd8b38,ade821f181facda913b7110d02314288e585ed96ef2080e45308272fbabd8b38,True,medium,"The source pack is explicitly a 1980–2016 Chinese draft subtitle collection; SC/TC filename variants and ASS headers identify Chinese translation evidence. No evidence establishes Taiwan official, Taiwan dub, or mainland official provenance, so those categories are intentionally not used.",1928,UTF-8-SIG,[1990]大雄与动物行星,"Language tag follows the source .sc/.tc branch. zh-TW here records the Traditional-Chinese branch only; it is NOT evidence of Taiwan origin, official localization, or Taiwan-dub wording."
EV0028,M12,1991,大雄的天方夜谭,のび太のドラビアンナイト,01_JA_SOURCE,ja-JP,source,WOWOW,Unknown,Conan06,P01：老 25 部日文原字幕 WOWOW 高清版本抽出的日语字幕，覆盖 1980–2004 全 25 部.zip,[Conan06] Eiga Doraemon - 12 Nobita no Dorabian Nights (1991) (WOWOW 1280x720 AVC 10bit AAC2.0+DD2.0 Chap).jpn.ass,[Conan06] Eiga Doraemon - 12 Nobita no Dorabian Nights (1991) (WOWOW 1280x720 AVC 10bit AAC2.0+DD2.0 Chap).jpn.ass,[Conan06] Eiga Doraemon - 12 Nobita no Dorabian Nights (1991) (WOWOW 1280x720 AVC 10bit AAC2.0+DD2.0 Chap).jpn.ass,[Conan06] Eiga Doraemon - 12 Nobita no Dorabian Nights (1991) (WOWOW 1280x720 AVC 10bit AAC2.0+DD2.0 Chap).jpn.ass,M12_1991_大雄的天方夜谭/01_JA_SOURCE/M12.1991.ja-JP.source.WOWOW.Conan06.ass,M12.1991.ja-JP.source.WOWOW.Conan06.ass,.ass,263262,6ec47e8763a64989930538860af1437de846a1a8724030c473102e3a1c76605c,6ec47e8763a64989930538860af1437de846a1a8724030c473102e3a1c76605c,True,high,"Filename explicitly identifies Eiga Doraemon movie index/year, WOWOW release, Japanese subtitle suffix, and Conan06 release tag; index/year cross-check the stable movie catalog.",2380,UTF-8-SIG,Default Aegisub file,"Creator token follows the explicit [Conan06] release tag, consistent with the requested naming example."
EV0084,M12,1991,大雄的天方夜谭,のび太のドラビアンナイト,02_ZH_JP_AUDIO,zh-CN,jp-audio,Fansub,Unknown,漫游字幕组,P03：1980–2016 中文底稿大包 [Doraemon_Movie][01-37][DVD&BD][Sub].zip,12[1991]大雄的天方夜谭/12[1991]大雄的天方夜谭.sc.ass,12[1991]大雄的天方夜谭.sc.ass,12[1991]大雄的天方夜谭.sc.ass,12[1991]┤≤╨█╡─╠∞╖╜╥╣╠╖/12[1991]┤≤╨█╡─╠∞╖╜╥╣╠╖.sc.ass,M12_1991_大雄的天方夜谭/02_ZH_JP_AUDIO/M12.1991.zh-CN.jp-audio.Fansub.漫游字幕组.ass,M12.1991.zh-CN.jp-audio.Fansub.漫游字幕组.ass,.ass,147215,01999d74c40a0175e14e68cf8f8f67a6c48b056e8943358da821288efa9544f3,01999d74c40a0175e14e68cf8f8f67a6c48b056e8943358da821288efa9544f3,True,medium,"The source pack is explicitly a 1980–2016 Chinese draft subtitle collection; SC/TC filename variants and ASS headers identify Chinese translation evidence. No evidence establishes Taiwan official, Taiwan dub, or mainland official provenance, so those categories are intentionally not used.",1832,UTF-8-SIG,[1991]大雄的天方夜谭,"Language tag follows the source .sc/.tc branch. zh-TW here records the Traditional-Chinese branch only; it is NOT evidence of Taiwan origin, official localization, or Taiwan-dub wording."
EV0048,M12,1991,大雄的天方夜谭,のび太のドラビアンナイト,02_ZH_JP_AUDIO,zh-CN,jp-audio,WOWOWCN,Unknown,漫游字幕组,P02：老 25 部 WOWOW 对轴简中 哆啦A梦大山版剧场版（匹配WOWOW高清版）.rar,12[1991]大雄的天方夜谭.ass,12[1991]大雄的天方夜谭.ass,12[1991]大雄的天方夜谭.ass,12[1991]大雄的天方夜谭.ass,M12_1991_大雄的天方夜谭/02_ZH_JP_AUDIO/M12.1991.zh-CN.jp-audio.WOWOWCN.漫游字幕组.ass,M12.1991.zh-CN.jp-audio.WOWOWCN.漫游字幕组.ass,.ass,145555,14a5fc78493cbf7efd8cb6a043f79af3cc55d0eaabb70e03ba13b9db0cf70913,14a5fc78493cbf7efd8cb6a043f79af3cc55d0eaabb70e03ba13b9db0cf70913,True,high,Pack name and included note explicitly state these are Simplified Chinese subtitles retimed to match the WOWOW HD Japanese-source releases; movie index/year are explicit in each filename.,1831,UTF-8-SIG,[1991]大雄的天方夜谭,source=WOWOWCN denotes WOWOW-aligned Chinese evidence (not a claim that WOWOW authored the Chinese translation). creator records the ASS Original Script credit; the timing-adapter identity is not stated in the source pack.
EV0085,M12,1991,大雄的天方夜谭,のび太のドラビアンナイト,02_ZH_JP_AUDIO,zh-TW,jp-audio,Fansub,Unknown,漫游字幕组,P03：1980–2016 中文底稿大包 [Doraemon_Movie][01-37][DVD&BD][Sub].zip,12[1991]大雄的天方夜谭/12[1991]大雄的天方夜谭.tc.ass,12[1991]大雄的天方夜谭.tc.ass,12[1991]大雄的天方夜谭.tc.ass,12[1991]┤≤╨█╡─╠∞╖╜╥╣╠╖/12[1991]┤≤╨█╡─╠∞╖╜╥╣╠╖.tc.ass,M12_1991_大雄的天方夜谭/02_ZH_JP_AUDIO/M12.1991.zh-TW.jp-audio.Fansub.漫游字幕组.ass,M12.1991.zh-TW.jp-audio.Fansub.漫游字幕组.ass,.ass,147215,7219cd812f71e314c2b1a7f85508c18b2870823971692425631d524f9314bf2e,7219cd812f71e314c2b1a7f85508c18b2870823971692425631d524f9314bf2e,True,medium,"The source pack is explicitly a 1980–2016 Chinese draft subtitle collection; SC/TC filename variants and ASS headers identify Chinese translation evidence. No evidence establishes Taiwan official, Taiwan dub, or mainland official provenance, so those categories are intentionally not used.",1832,UTF-8-SIG,[1991]大雄的天方夜谭,"Language tag follows the source .sc/.tc branch. zh-TW here records the Traditional-Chinese branch only; it is NOT evidence of Taiwan origin, official localization, or Taiwan-dub wording."
EV0029,M13,1992,大雄与云之王国,のび太と雲の王国,01_JA_SOURCE,ja-JP,source,WOWOW,Unknown,Conan06,P01：老 25 部日文原字幕 WOWOW 高清版本抽出的日语字幕，覆盖 1980–2004 全 25 部.zip,[Conan06] Eiga Doraemon - 13 Nobita to Kumo no Oukoku (1992) (WOWOW 1280x720 AVC 10bit AAC2.0+DD2.0 Chap).jpn.ass,[Conan06] Eiga Doraemon - 13 Nobita to Kumo no Oukoku (1992) (WOWOW 1280x720 AVC 10bit AAC2.0+DD2.0 Chap).jpn.ass,[Conan06] Eiga Doraemon - 13 Nobita to Kumo no Oukoku (1992) (WOWOW 1280x720 AVC 10bit AAC2.0+DD2.0 Chap).jpn.ass,[Conan06] Eiga Doraemon - 13 Nobita to Kumo no Oukoku (1992) (WOWOW 1280x720 AVC 10bit AAC2.0+DD2.0 Chap).jpn.ass,M13_1992_大雄与云之王国/01_JA_SOURCE/M13.1992.ja-JP.source.WOWOW.Conan06.ass,M13.1992.ja-JP.source.WOWOW.Conan06.ass,.ass,258866,6a5a859ddd9e7f962977c049851556b7c36c02c74ceb8ab259e5d1cd07e6017b,6a5a859ddd9e7f962977c049851556b7c36c02c74ceb8ab259e5d1cd07e6017b,True,high,"Filename explicitly identifies Eiga Doraemon movie index/year, WOWOW release, Japanese subtitle suffix, and Conan06 release tag; index/year cross-check the stable movie catalog.",2308,UTF-8-SIG,Default Aegisub file,"Creator token follows the explicit [Conan06] release tag, consistent with the requested naming example."
EV0086,M13,1992,大雄与云之王国,のび太と雲の王国,02_ZH_JP_AUDIO,zh-CN,jp-audio,Fansub,Unknown,HKG字幕组&影月字幕组,P03：1980–2016 中文底稿大包 [Doraemon_Movie][01-37][DVD&BD][Sub].zip,13[1992]大雄与云之国/13[1992]大雄与云之国.sc.ass,13[1992]大雄与云之国.sc.ass,13[1992]大雄与云之国.sc.ass,13[1992]┤≤╨█╙δ╘╞╓«╣·/13[1992]┤≤╨█╙δ╘╞╓«╣·.sc.ass,M13_1992_大雄与云之王国/02_ZH_JP_AUDIO/M13.1992.zh-CN.jp-audio.Fansub.HKG字幕组+影月字幕组.ass,M13.1992.zh-CN.jp-audio.Fansub.HKG字幕组+影月字幕组.ass,.ass,139763,47a94950467d71457b82555bff8cdaefef35e10715f692433a16289d48e0149b,47a94950467d71457b82555bff8cdaefef35e10715f692433a16289d48e0149b,True,medium,"The source pack is explicitly a 1980–2016 Chinese draft subtitle collection; SC/TC filename variants and ASS headers identify Chinese translation evidence. No evidence establishes Taiwan official, Taiwan dub, or mainland official provenance, so those categories are intentionally not used.",1630,UTF-8-SIG,[1992]云之国,"Language tag follows the source .sc/.tc branch. zh-TW here records the Traditional-Chinese branch only; it is NOT evidence of Taiwan origin, official localization, or Taiwan-dub wording."
EV0049,M13,1992,大雄与云之王国,のび太と雲の王国,02_ZH_JP_AUDIO,zh-CN,jp-audio,WOWOWCN,Unknown,HKG字幕组&影月字幕组,P02：老 25 部 WOWOW 对轴简中 哆啦A梦大山版剧场版（匹配WOWOW高清版）.rar,13[1992]大雄与云之国.ass,13[1992]大雄与云之国.ass,13[1992]大雄与云之国.ass,13[1992]大雄与云之国.ass,M13_1992_大雄与云之王国/02_ZH_JP_AUDIO/M13.1992.zh-CN.jp-audio.WOWOWCN.HKG字幕组+影月字幕组.ass,M13.1992.zh-CN.jp-audio.WOWOWCN.HKG字幕组+影月字幕组.ass,.ass,135070,13070676b7809706a876a39639b094fb9c88c289aef2dcee8dbd4a6146e0a3b1,13070676b7809706a876a39639b094fb9c88c289aef2dcee8dbd4a6146e0a3b1,True,high,Pack name and included note explicitly state these are Simplified Chinese subtitles retimed to match the WOWOW HD Japanese-source releases; movie index/year are explicit in each filename.,1597,UTF-8-SIG,[1992]云之国,source=WOWOWCN denotes WOWOW-aligned Chinese evidence (not a claim that WOWOW authored the Chinese translation). creator records the ASS Original Script credit; the timing-adapter identity is not stated in the source pack.
EV0087,M13,1992,大雄与云之王国,のび太と雲の王国,02_ZH_JP_AUDIO,zh-TW,jp-audio,Fansub,Unknown,HKG字幕組&影月字幕組,P03：1980–2016 中文底稿大包 [Doraemon_Movie][01-37][DVD&BD][Sub].zip,13[1992]大雄与云之国/13[1992]大雄与云之国.tc.ass,13[1992]大雄与云之国.tc.ass,13[1992]大雄与云之国.tc.ass,13[1992]┤≤╨█╙δ╘╞╓«╣·/13[1992]┤≤╨█╙δ╘╞╓«╣·.tc.ass,M13_1992_大雄与云之王国/02_ZH_JP_AUDIO/M13.1992.zh-TW.jp-audio.Fansub.HKG字幕組+影月字幕組.ass,M13.1992.zh-TW.jp-audio.Fansub.HKG字幕組+影月字幕組.ass,.ass,139763,f95f17ad961585c14b2d3a6a0fa12f44b1c85367736f557c9416851580023055,f95f17ad961585c14b2d3a6a0fa12f44b1c85367736f557c9416851580023055,True,medium,"The source pack is explicitly a 1980–2016 Chinese draft subtitle collection; SC/TC filename variants and ASS headers identify Chinese translation evidence. No evidence establishes Taiwan official, Taiwan dub, or mainland official provenance, so those categories are intentionally not used.",1630,UTF-8-SIG,[1992]雲之國,"Language tag follows the source .sc/.tc branch. zh-TW here records the Traditional-Chinese branch only; it is NOT evidence of Taiwan origin, official localization, or Taiwan-dub wording."
EV0030,M14,1993,大雄与白金迷宫,のび太とブリキの迷宮,01_JA_SOURCE,ja-JP,source,WOWOW,Unknown,Conan06,P01：老 25 部日文原字幕 WOWOW 高清版本抽出的日语字幕，覆盖 1980–2004 全 25 部.zip,[Conan06] Eiga Doraemon - 14 Nobita to Buriki no Labyrinth (1993) (WOWOW 1280x720 AVC 10bit AAC2.0+DD2.0 Chap).jpn.ass,[Conan06] Eiga Doraemon - 14 Nobita to Buriki no Labyrinth (1993) (WOWOW 1280x720 AVC 10bit AAC2.0+DD2.0 Chap).jpn.ass,[Conan06] Eiga Doraemon - 14 Nobita to Buriki no Labyrinth (1993) (WOWOW 1280x720 AVC 10bit AAC2.0+DD2.0 Chap).jpn.ass,[Conan06] Eiga Doraemon - 14 Nobita to Buriki no Labyrinth (1993) (WOWOW 1280x720 AVC 10bit AAC2.0+DD2.0 Chap).jpn.ass,M14_1993_大雄与白金迷宫/01_JA_SOURCE/M14.1993.ja-JP.source.WOWOW.Conan06.ass,M14.1993.ja-JP.source.WOWOW.Conan06.ass,.ass,252583,7fa403469d2dc67da9388d89848cb0ae15ffe574aed2ad0792fd99a66b1ba508,7fa403469d2dc67da9388d89848cb0ae15ffe574aed2ad0792fd99a66b1ba508,True,high,"Filename explicitly identifies Eiga Doraemon movie index/year, WOWOW release, Japanese subtitle suffix, and Conan06 release tag; index/year cross-check the stable movie catalog.",2248,UTF-8-SIG,Default Aegisub file,"Creator token follows the explicit [Conan06] release tag, consistent with the requested naming example."
EV0088,M14,1993,大雄与白金迷宫,のび太とブリキの迷宮,02_ZH_JP_AUDIO,zh-CN,jp-audio,Fansub,Unknown,漫游字幕组,P03：1980–2016 中文底稿大包 [Doraemon_Movie][01-37][DVD&BD][Sub].zip,14[1993]大雄在白金迷宫/14[1993]大雄在白金迷宫.sc.ass,14[1993]大雄在白金迷宫.sc.ass,14[1993]大雄在白金迷宫.sc.ass,14[1993]┤≤╨█╘┌░╫╜≡├╘╣¼/14[1993]┤≤╨█╘┌░╫╜≡├╘╣¼.sc.ass,M14_1993_大雄与白金迷宫/02_ZH_JP_AUDIO/M14.1993.zh-CN.jp-audio.Fansub.漫游字幕组.ass,M14.1993.zh-CN.jp-audio.Fansub.漫游字幕组.ass,.ass,136785,ad5b7c487c7350cb118ee37a4f2d0981d6d90e50ebbe5f890f0e60ee45356a23,ad5b7c487c7350cb118ee37a4f2d0981d6d90e50ebbe5f890f0e60ee45356a23,True,medium,"The source pack is explicitly a 1980–2016 Chinese draft subtitle collection; SC/TC filename variants and ASS headers identify Chinese translation evidence. No evidence establishes Taiwan official, Taiwan dub, or mainland official provenance, so those categories are intentionally not used.",1647,UTF-8-SIG,[1993]大雄在白金迷宫,"Language tag follows the source .sc/.tc branch. zh-TW here records the Traditional-Chinese branch only; it is NOT evidence of Taiwan origin, official localization, or Taiwan-dub wording."
EV0050,M14,1993,大雄与白金迷宫,のび太とブリキの迷宮,02_ZH_JP_AUDIO,zh-CN,jp-audio,WOWOWCN,Unknown,漫游字幕组,P02：老 25 部 WOWOW 对轴简中 哆啦A梦大山版剧场版（匹配WOWOW高清版）.rar,14[1993]大雄在白金迷宫.ass,14[1993]大雄在白金迷宫.ass,14[1993]大雄在白金迷宫.ass,14[1993]大雄在白金迷宫.ass,M14_1993_大雄与白金迷宫/02_ZH_JP_AUDIO/M14.1993.zh-CN.jp-audio.WOWOWCN.漫游字幕组.ass,M14.1993.zh-CN.jp-audio.WOWOWCN.漫游字幕组.ass,.ass,158363,152ab8821a8b0ad1218448686fb03589c1aff3055a11274bf13d8803fbb23381,152ab8821a8b0ad1218448686fb03589c1aff3055a11274bf13d8803fbb23381,True,high,Pack name and included note explicitly state these are Simplified Chinese subtitles retimed to match the WOWOW HD Japanese-source releases; movie index/year are explicit in each filename.,1647,UTF-8-SIG,[1993]大雄在白金迷宫,source=WOWOWCN denotes WOWOW-aligned Chinese evidence (not a claim that WOWOW authored the Chinese translation). creator records the ASS Original Script credit; the timing-adapter identity is not stated in the source pack.
EV0089,M14,1993,大雄与白金迷宫,のび太とブリキの迷宮,02_ZH_JP_AUDIO,zh-TW,jp-audio,Fansub,Unknown,漫游字幕组,P03：1980–2016 中文底稿大包 [Doraemon_Movie][01-37][DVD&BD][Sub].zip,14[1993]大雄在白金迷宫/14[1993]大雄在白金迷宫.tc.ass,14[1993]大雄在白金迷宫.tc.ass,14[1993]大雄在白金迷宫.tc.ass,14[1993]┤≤╨█╘┌░╫╜≡├╘╣¼/14[1993]┤≤╨█╘┌░╫╜≡├╘╣¼.tc.ass,M14_1993_大雄与白金迷宫/02_ZH_JP_AUDIO/M14.1993.zh-TW.jp-audio.Fansub.漫游字幕组.ass,M14.1993.zh-TW.jp-audio.Fansub.漫游字幕组.ass,.ass,136785,fe67da17c80fd0440f95742fce9043f832933fe3cbbc5ac6027a7ef42ef9dd38,fe67da17c80fd0440f95742fce9043f832933fe3cbbc5ac6027a7ef42ef9dd38,True,medium,"The source pack is explicitly a 1980–2016 Chinese draft subtitle collection; SC/TC filename variants and ASS headers identify Chinese translation evidence. No evidence establishes Taiwan official, Taiwan dub, or mainland official provenance, so those categories are intentionally not used.",1647,UTF-8-SIG,[1993]大雄在白金迷宫,"Language tag follows the source .sc/.tc branch. zh-TW here records the Traditional-Chinese branch only; it is NOT evidence of Taiwan origin, official localization, or Taiwan-dub wording."
EV0031,M15,1994,大雄与梦幻三剑士,のび太と夢幻三剣士,01_JA_SOURCE,ja-JP,source,WOWOW,Unknown,Conan06,P01：老 25 部日文原字幕 WOWOW 高清版本抽出的日语字幕，覆盖 1980–2004 全 25 部.zip,[Conan06] Eiga Doraemon - 15 Nobita to Mugen Sankenshi (1994) (WOWOW 1280x720 AVC 10bit AAC2.0+DD2.0 Chap).jpn.ass,[Conan06] Eiga Doraemon - 15 Nobita to Mugen Sankenshi (1994) (WOWOW 1280x720 AVC 10bit AAC2.0+DD2.0 Chap).jpn.ass,[Conan06] Eiga Doraemon - 15 Nobita to Mugen Sankenshi (1994) (WOWOW 1280x720 AVC 10bit AAC2.0+DD2.0 Chap).jpn.ass,[Conan06] Eiga Doraemon - 15 Nobita to Mugen Sankenshi (1994) (WOWOW 1280x720 AVC 10bit AAC2.0+DD2.0 Chap).jpn.ass,M15_1994_大雄与梦幻三剑士/01_JA_SOURCE/M15.1994.ja-JP.source.WOWOW.Conan06.ass,M15.1994.ja-JP.source.WOWOW.Conan06.ass,.ass,263743,f9d55d00dd03f203c0978039471f03c499b06c2606ff6aa27b0aa33a64266261,f9d55d00dd03f203c0978039471f03c499b06c2606ff6aa27b0aa33a64266261,True,high,"Filename explicitly identifies Eiga Doraemon movie index/year, WOWOW release, Japanese subtitle suffix, and Conan06 release tag; index/year cross-check the stable movie catalog.",2346,UTF-8-SIG,Default Aegisub file,"Creator token follows the explicit [Conan06] release tag, consistent with the requested naming example."
EV0090,M15,1994,大雄与梦幻三剑士,のび太と夢幻三剣士,02_ZH_JP_AUDIO,zh-CN,jp-audio,Fansub,Unknown,漫游字幕组,P03：1980–2016 中文底稿大包 [Doraemon_Movie][01-37][DVD&BD][Sub].zip,15[1994]大雄与梦幻三剑士/15[1994]大雄与梦幻三剑士.sc.ass,15[1994]大雄与梦幻三剑士.sc.ass,15[1994]大雄与梦幻三剑士.sc.ass,15[1994]┤≤╨█╙δ├╬╗├╚²╜ú╩┐/15[1994]┤≤╨█╙δ├╬╗├╚²╜ú╩┐.sc.ass,M15_1994_大雄与梦幻三剑士/02_ZH_JP_AUDIO/M15.1994.zh-CN.jp-audio.Fansub.漫游字幕组.ass,M15.1994.zh-CN.jp-audio.Fansub.漫游字幕组.ass,.ass,144613,28d3fd9af048e1bc9c8e3026e89f3c59dd1c44c3090f6f9ae45f5924d2d6b766,28d3fd9af048e1bc9c8e3026e89f3c59dd1c44c3090f6f9ae45f5924d2d6b766,True,medium,"The source pack is explicitly a 1980–2016 Chinese draft subtitle collection; SC/TC filename variants and ASS headers identify Chinese translation evidence. No evidence establishes Taiwan official, Taiwan dub, or mainland official provenance, so those categories are intentionally not used.",1786,UTF-8-SIG,[1994]大雄与梦幻三剑士,"Language tag follows the source .sc/.tc branch. zh-TW here records the Traditional-Chinese branch only; it is NOT evidence of Taiwan origin, official localization, or Taiwan-dub wording."
EV0051,M15,1994,大雄与梦幻三剑士,のび太と夢幻三剣士,02_ZH_JP_AUDIO,zh-CN,jp-audio,WOWOWCN,Unknown,Unknown,P02：老 25 部 WOWOW 对轴简中 哆啦A梦大山版剧场版（匹配WOWOW高清版）.rar,15[1994]大雄与梦幻三剑士.ass,15[1994]大雄与梦幻三剑士.ass,15[1994]大雄与梦幻三剑士.ass,15[1994]大雄与梦幻三剑士.ass,M15_1994_大雄与梦幻三剑士/02_ZH_JP_AUDIO/M15.1994.zh-CN.jp-audio.WOWOWCN.Unknown.ass,M15.1994.zh-CN.jp-audio.WOWOWCN.Unknown.ass,.ass,224216,2b0bc6eb97f935675039555e98b064fc6492da8cd321c07fcd967f1be25a6724,2b0bc6eb97f935675039555e98b064fc6492da8cd321c07fcd967f1be25a6724,True,high,Pack name and included note explicitly state these are Simplified Chinese subtitles retimed to match the WOWOW HD Japanese-source releases; movie index/year are explicit in each filename.,0,unknown,,source=WOWOWCN denotes WOWOW-aligned Chinese evidence (not a claim that WOWOW authored the Chinese translation). creator records the ASS Original Script credit; the timing-adapter identity is not stated in the source pack.
EV0091,M15,1994,大雄与梦幻三剑士,のび太と夢幻三剣士,02_ZH_JP_AUDIO,zh-TW,jp-audio,Fansub,Unknown,漫游字幕组,P03：1980–2016 中文底稿大包 [Doraemon_Movie][01-37][DVD&BD][Sub].zip,15[1994]大雄与梦幻三剑士/15[1994]大雄与梦幻三剑士.tc.ass,15[1994]大雄与梦幻三剑士.tc.ass,15[1994]大雄与梦幻三剑士.tc.ass,15[1994]┤≤╨█╙δ├╬╗├╚²╜ú╩┐/15[1994]┤≤╨█╙δ├╬╗├╚²╜ú╩┐.tc.ass,M15_1994_大雄与梦幻三剑士/02_ZH_JP_AUDIO/M15.1994.zh-TW.jp-audio.Fansub.漫游字幕组.ass,M15.1994.zh-TW.jp-audio.Fansub.漫游字幕组.ass,.ass,144613,0eb554b90bb8dc57707ecb7b43d53c5727cf2d136a3b9025e1a9552f8b4d67dd,0eb554b90bb8dc57707ecb7b43d53c5727cf2d136a3b9025e1a9552f8b4d67dd,True,medium,"The source pack is explicitly a 1980–2016 Chinese draft subtitle collection; SC/TC filename variants and ASS headers identify Chinese translation evidence. No evidence establishes Taiwan official, Taiwan dub, or mainland official provenance, so those categories are intentionally not used.",1786,UTF-8-SIG,[1994]大雄与梦幻三剑士,"Language tag follows the source .sc/.tc branch. zh-TW here records the Traditional-Chinese branch only; it is NOT evidence of Taiwan origin, official localization, or Taiwan-dub wording."
EV0032,M16,1995,大雄的创世日记,のび太の創世日記,01_JA_SOURCE,ja-JP,source,WOWOW,Unknown,Conan06,P01：老 25 部日文原字幕 WOWOW 高清版本抽出的日语字幕，覆盖 1980–2004 全 25 部.zip,[Conan06] Eiga Doraemon - 16 Nobita no Sousei Nikki (1995) (WOWOW 1280x720 AVC 10bit AAC2.0+DD2.0 Chap).jpn.ass,[Conan06] Eiga Doraemon - 16 Nobita no Sousei Nikki (1995) (WOWOW 1280x720 AVC 10bit AAC2.0+DD2.0 Chap).jpn.ass,[Conan06] Eiga Doraemon - 16 Nobita no Sousei Nikki (1995) (WOWOW 1280x720 AVC 10bit AAC2.0+DD2.0 Chap).jpn.ass,[Conan06] Eiga Doraemon - 16 Nobita no Sousei Nikki (1995) (WOWOW 1280x720 AVC 10bit AAC2.0+DD2.0 Chap).jpn.ass,M16_1995_大雄的创世日记/01_JA_SOURCE/M16.1995.ja-JP.source.WOWOW.Conan06.ass,M16.1995.ja-JP.source.WOWOW.Conan06.ass,.ass,269741,db6f76bf7de6c4523908ca6dc1c809c3e85ed665f208c4cf63207550fb9c973c,db6f76bf7de6c4523908ca6dc1c809c3e85ed665f208c4cf63207550fb9c973c,True,high,"Filename explicitly identifies Eiga Doraemon movie index/year, WOWOW release, Japanese subtitle suffix, and Conan06 release tag; index/year cross-check the stable movie catalog.",2409,UTF-8-SIG,Default Aegisub file,"Creator token follows the explicit [Conan06] release tag, consistent with the requested naming example."
EV0092,M16,1995,大雄的创世日记,のび太の創世日記,02_ZH_JP_AUDIO,zh-CN,jp-audio,Fansub,Unknown,HKG字幕组 & 影月字幕组,P03：1980–2016 中文底稿大包 [Doraemon_Movie][01-37][DVD&BD][Sub].zip,16[1995]大雄的创世日记/16[1995]大雄的创世日记.sc.ass,16[1995]大雄的创世日记.sc.ass,16[1995]大雄的创世日记.sc.ass,16[1995]┤≤╨█╡─┤┤╩└╚╒╝╟/16[1995]┤≤╨█╡─┤┤╩└╚╒╝╟.sc.ass,M16_1995_大雄的创世日记/02_ZH_JP_AUDIO/M16.1995.zh-CN.jp-audio.Fansub.HKG字幕组+影月字幕组.ass,M16.1995.zh-CN.jp-audio.Fansub.HKG字幕组+影月字幕组.ass,.ass,172734,273fdf9228db7c9148bb91d63990f4fa3c80428ac4e8c487ccc55e1e39a9893e,273fdf9228db7c9148bb91d63990f4fa3c80428ac4e8c487ccc55e1e39a9893e,True,medium,"The source pack is explicitly a 1980–2016 Chinese draft subtitle collection; SC/TC filename variants and ASS headers identify Chinese translation evidence. No evidence establishes Taiwan official, Taiwan dub, or mainland official provenance, so those categories are intentionally not used.",1962,UTF-8-SIG,[1995]创世日记,"Language tag follows the source .sc/.tc branch. zh-TW here records the Traditional-Chinese branch only; it is NOT evidence of Taiwan origin, official localization, or Taiwan-dub wording."
EV0052,M16,1995,大雄的创世日记,のび太の創世日記,02_ZH_JP_AUDIO,zh-CN,jp-audio,WOWOWCN,Unknown,HKG字幕组 & 影月字幕组,P02：老 25 部 WOWOW 对轴简中 哆啦A梦大山版剧场版（匹配WOWOW高清版）.rar,16[1995]大雄的创世日记.ass,16[1995]大雄的创世日记.ass,16[1995]大雄的创世日记.ass,16[1995]大雄的创世日记.ass,M16_1995_大雄的创世日记/02_ZH_JP_AUDIO/M16.1995.zh-CN.jp-audio.WOWOWCN.HKG字幕组+影月字幕组.ass,M16.1995.zh-CN.jp-audio.WOWOWCN.HKG字幕组+影月字幕组.ass,.ass,147079,4cd5204e2b6e0ed038e0e29e5ff811a9014f4ef691faa9587f1097339cdd755f,4cd5204e2b6e0ed038e0e29e5ff811a9014f4ef691faa9587f1097339cdd755f,True,high,Pack name and included note explicitly state these are Simplified Chinese subtitles retimed to match the WOWOW HD Japanese-source releases; movie index/year are explicit in each filename.,1729,UTF-8-SIG,[1995]创世日记,source=WOWOWCN denotes WOWOW-aligned Chinese evidence (not a claim that WOWOW authored the Chinese translation). creator records the ASS Original Script credit; the timing-adapter identity is not stated in the source pack.
EV0093,M16,1995,大雄的创世日记,のび太の創世日記,02_ZH_JP_AUDIO,zh-TW,jp-audio,Fansub,Unknown,HKG字幕組 & 影月字幕組,P03：1980–2016 中文底稿大包 [Doraemon_Movie][01-37][DVD&BD][Sub].zip,16[1995]大雄的创世日记/16[1995]大雄的创世日记.tc.ass,16[1995]大雄的创世日记.tc.ass,16[1995]大雄的创世日记.tc.ass,16[1995]┤≤╨█╡─┤┤╩└╚╒╝╟/16[1995]┤≤╨█╡─┤┤╩└╚╒╝╟.tc.ass,M16_1995_大雄的创世日记/02_ZH_JP_AUDIO/M16.1995.zh-TW.jp-audio.Fansub.HKG字幕組+影月字幕組.ass,M16.1995.zh-TW.jp-audio.Fansub.HKG字幕組+影月字幕組.ass,.ass,172734,648991a20eb4f93cbd7f43b98b3f4bdf492247308bb8166e542ce9bd2147b1f1,648991a20eb4f93cbd7f43b98b3f4bdf492247308bb8166e542ce9bd2147b1f1,True,medium,"The source pack is explicitly a 1980–2016 Chinese draft subtitle collection; SC/TC filename variants and ASS headers identify Chinese translation evidence. No evidence establishes Taiwan official, Taiwan dub, or mainland official provenance, so those categories are intentionally not used.",1962,UTF-8-SIG,[1995]創世日記,"Language tag follows the source .sc/.tc branch. zh-TW here records the Traditional-Chinese branch only; it is NOT evidence of Taiwan origin, official localization, or Taiwan-dub wording."
EV0033,M17,1996,大雄与银河超特急,のび太と銀河超特急,01_JA_SOURCE,ja-JP,source,WOWOW,Unknown,Conan06,P01：老 25 部日文原字幕 WOWOW 高清版本抽出的日语字幕，覆盖 1980–2004 全 25 部.zip,[Conan06] Eiga Doraemon - 17 Nobita to Ginga Express (1996) (WOWOW 1280x720 AVC 10bit AAC2.0+DD2.0 Chap).jpn.ass,[Conan06] Eiga Doraemon - 17 Nobita to Ginga Express (1996) (WOWOW 1280x720 AVC 10bit AAC2.0+DD2.0 Chap).jpn.ass,[Conan06] Eiga Doraemon - 17 Nobita to Ginga Express (1996) (WOWOW 1280x720 AVC 10bit AAC2.0+DD2.0 Chap).jpn.ass,[Conan06] Eiga Doraemon - 17 Nobita to Ginga Express (1996) (WOWOW 1280x720 AVC 10bit AAC2.0+DD2.0 Chap).jpn.ass,M17_1996_大雄与银河超特急/01_JA_SOURCE/M17.1996.ja-JP.source.WOWOW.Conan06.ass,M17.1996.ja-JP.source.WOWOW.Conan06.ass,.ass,279621,88fc3af26db210616000a4ac091d798280c4051e7635a4707c718356fe860e46,88fc3af26db210616000a4ac091d798280c4051e7635a4707c718356fe860e46,True,high,"Filename explicitly identifies Eiga Doraemon movie index/year, WOWOW release, Japanese subtitle suffix, and Conan06 release tag; index/year cross-check the stable movie catalog.",2523,UTF-8-SIG,Default Aegisub file,"Creator token follows the explicit [Conan06] release tag, consistent with the requested naming example."
EV0094,M17,1996,大雄与银河超特急,のび太と銀河超特急,02_ZH_JP_AUDIO,zh-CN,jp-audio,Fansub,Unknown,漫游字幕组,P03：1980–2016 中文底稿大包 [Doraemon_Movie][01-37][DVD&BD][Sub].zip,17[1996]大雄与银河超特快列车/17[1996]大雄与银河超特快列车.sc.ass,17[1996]大雄与银河超特快列车.sc.ass,17[1996]大雄与银河超特快列车.sc.ass,17[1996]┤≤╨█╙δ╥°║╙│¼╠╪┐∞┴╨│╡/17[1996]┤≤╨█╙δ╥°║╙│¼╠╪┐∞┴╨│╡.sc.ass,M17_1996_大雄与银河超特急/02_ZH_JP_AUDIO/M17.1996.zh-CN.jp-audio.Fansub.漫游字幕组.ass,M17.1996.zh-CN.jp-audio.Fansub.漫游字幕组.ass,.ass,144022,76a0060b73e4aa46f76b55dec3ae1352d88d9683d39be785594321fe2a6979b8,76a0060b73e4aa46f76b55dec3ae1352d88d9683d39be785594321fe2a6979b8,True,medium,"The source pack is explicitly a 1980–2016 Chinese draft subtitle collection; SC/TC filename variants and ASS headers identify Chinese translation evidence. No evidence establishes Taiwan official, Taiwan dub, or mainland official provenance, so those categories are intentionally not used.",1838,UTF-8-SIG,[1996]大雄与银河超特快列车,"Language tag follows the source .sc/.tc branch. zh-TW here records the Traditional-Chinese branch only; it is NOT evidence of Taiwan origin, official localization, or Taiwan-dub wording."
EV0053,M17,1996,大雄与银河超特急,のび太と銀河超特急,02_ZH_JP_AUDIO,zh-CN,jp-audio,WOWOWCN,Unknown,漫游字幕组,P02：老 25 部 WOWOW 对轴简中 哆啦A梦大山版剧场版（匹配WOWOW高清版）.rar,17[1996]大雄与银河超特快列车.ass,17[1996]大雄与银河超特快列车.ass,17[1996]大雄与银河超特快列车.ass,17[1996]大雄与银河超特快列车.ass,M17_1996_大雄与银河超特急/02_ZH_JP_AUDIO/M17.1996.zh-CN.jp-audio.WOWOWCN.漫游字幕组.ass,M17.1996.zh-CN.jp-audio.WOWOWCN.漫游字幕组.ass,.ass,168113,361d89b8d0dd6b71b2666fed70044bb19d4734b591dc73a58bc6b1517b58175b,361d89b8d0dd6b71b2666fed70044bb19d4734b591dc73a58bc6b1517b58175b,True,high,Pack name and included note explicitly state these are Simplified Chinese subtitles retimed to match the WOWOW HD Japanese-source releases; movie index/year are explicit in each filename.,1838,UTF-8-SIG,[1996]大雄与银河超特快列车,source=WOWOWCN denotes WOWOW-aligned Chinese evidence (not a claim that WOWOW authored the Chinese translation). creator records the ASS Original Script credit; the timing-adapter identity is not stated in the source pack.
EV0095,M17,1996,大雄与银河超特急,のび太と銀河超特急,02_ZH_JP_AUDIO,zh-TW,jp-audio,Fansub,Unknown,漫游字幕组,P03：1980–2016 中文底稿大包 [Doraemon_Movie][01-37][DVD&BD][Sub].zip,17[1996]大雄与银河超特快列车/17[1996]大雄与银河超特快列车.tc.ass,17[1996]大雄与银河超特快列车.tc.ass,17[1996]大雄与银河超特快列车.tc.ass,17[1996]┤≤╨█╙δ╥°║╙│¼╠╪┐∞┴╨│╡/17[1996]┤≤╨█╙δ╥°║╙│¼╠╪┐∞┴╨│╡.tc.ass,M17_1996_大雄与银河超特急/02_ZH_JP_AUDIO/M17.1996.zh-TW.jp-audio.Fansub.漫游字幕组.ass,M17.1996.zh-TW.jp-audio.Fansub.漫游字幕组.ass,.ass,144022,d90f1f8aafcb085762249018f703a87b74d178f8e2ba01a9b2953bf50c3bd866,d90f1f8aafcb085762249018f703a87b74d178f8e2ba01a9b2953bf50c3bd866,True,medium,"The source pack is explicitly a 1980–2016 Chinese draft subtitle collection; SC/TC filename variants and ASS headers identify Chinese translation evidence. No evidence establishes Taiwan official, Taiwan dub, or mainland official provenance, so those categories are intentionally not used.",1838,UTF-8-SIG,[1996]大雄与银河超特快列车,"Language tag follows the source .sc/.tc branch. zh-TW here records the Traditional-Chinese branch only; it is NOT evidence of Taiwan origin, official localization, or Taiwan-dub wording."
EV0034,M18,1997,大雄的发条都市冒险记,のび太のねじ巻き都市冒険記,01_JA_SOURCE,ja-JP,source,WOWOW,Unknown,Conan06,P01：老 25 部日文原字幕 WOWOW 高清版本抽出的日语字幕，覆盖 1980–2004 全 25 部.zip,[Conan06] Eiga Doraemon - 18 Nobita no Nejimaki City Boukenki (1997) (WOWOW 1280x720 AVC 10bit AAC2.0+DD2.0 Chap).jpn.ass,[Conan06] Eiga Doraemon - 18 Nobita no Nejimaki City Boukenki (1997) (WOWOW 1280x720 AVC 10bit AAC2.0+DD2.0 Chap).jpn.ass,[Conan06] Eiga Doraemon - 18 Nobita no Nejimaki City Boukenki (1997) (WOWOW 1280x720 AVC 10bit AAC2.0+DD2.0 Chap).jpn.ass,[Conan06] Eiga Doraemon - 18 Nobita no Nejimaki City Boukenki (1997) (WOWOW 1280x720 AVC 10bit AAC2.0+DD2.0 Chap).jpn.ass,M18_1997_大雄的发条都市冒险记/01_JA_SOURCE/M18.1997.ja-JP.source.WOWOW.Conan06.ass,M18.1997.ja-JP.source.WOWOW.Conan06.ass,.ass,255976,d4df1b29e920a84313eb71d4c1b4365ca5ec534d1c9650da80156abdde04fa1d,d4df1b29e920a84313eb71d4c1b4365ca5ec534d1c9650da80156abdde04fa1d,True,high,"Filename explicitly identifies Eiga Doraemon movie index/year, WOWOW release, Japanese subtitle suffix, and Conan06 release tag; index/year cross-check the stable movie catalog.",2322,UTF-8-SIG,Default Aegisub file,"Creator token follows the explicit [Conan06] release tag, consistent with the requested naming example."
EV0096,M18,1997,大雄的发条都市冒险记,のび太のねじ巻き都市冒険記,02_ZH_JP_AUDIO,zh-CN,jp-audio,Fansub,Unknown,漫游字幕组,P03：1980–2016 中文底稿大包 [Doraemon_Movie][01-37][DVD&BD][Sub].zip,18[1997]大雄的发条都市冒险记/18[1997]大雄的发条都市冒险记.sc.ass,18[1997]大雄的发条都市冒险记.sc.ass,18[1997]大雄的发条都市冒险记.sc.ass,18[1997]┤≤╨█╡─╖ó╠⌡╢╝╩╨├░╧╒╝╟/18[1997]┤≤╨█╡─╖ó╠⌡╢╝╩╨├░╧╒╝╟.sc.ass,M18_1997_大雄的发条都市冒险记/02_ZH_JP_AUDIO/M18.1997.zh-CN.jp-audio.Fansub.漫游字幕组.ass,M18.1997.zh-CN.jp-audio.Fansub.漫游字幕组.ass,.ass,122059,5273a9cc73d9f83a4eb873d9cc39e6ccce7e1ac2598a5e6628b8c25df090997f,5273a9cc73d9f83a4eb873d9cc39e6ccce7e1ac2598a5e6628b8c25df090997f,True,medium,"The source pack is explicitly a 1980–2016 Chinese draft subtitle collection; SC/TC filename variants and ASS headers identify Chinese translation evidence. No evidence establishes Taiwan official, Taiwan dub, or mainland official provenance, so those categories are intentionally not used.",1487,UTF-8-SIG,[1997]大雄的发条都市冒险记,"Language tag follows the source .sc/.tc branch. zh-TW here records the Traditional-Chinese branch only; it is NOT evidence of Taiwan origin, official localization, or Taiwan-dub wording."
EV0054,M18,1997,大雄的发条都市冒险记,のび太のねじ巻き都市冒険記,02_ZH_JP_AUDIO,zh-CN,jp-audio,WOWOWCN,Unknown,Unknown,P02：老 25 部 WOWOW 对轴简中 哆啦A梦大山版剧场版（匹配WOWOW高清版）.rar,18[1997]大雄的发条都市冒险记.ass,18[1997]大雄的发条都市冒险记.ass,18[1997]大雄的发条都市冒险记.ass,18[1997]大雄的发条都市冒险记.ass,M18_1997_大雄的发条都市冒险记/02_ZH_JP_AUDIO/M18.1997.zh-CN.jp-audio.WOWOWCN.Unknown.ass,M18.1997.zh-CN.jp-audio.WOWOWCN.Unknown.ass,.ass,120705,c50d138252bf235cc0a62f606a734006665cf2a8a2be5a5eff601fef3e999ef6,c50d138252bf235cc0a62f606a734006665cf2a8a2be5a5eff601fef3e999ef6,True,high,Pack name and included note explicitly state these are Simplified Chinese subtitles retimed to match the WOWOW HD Japanese-source releases; movie index/year are explicit in each filename.,1486,UTF-8-SIG,,source=WOWOWCN denotes WOWOW-aligned Chinese evidence (not a claim that WOWOW authored the Chinese translation). creator records the ASS Original Script credit; the timing-adapter identity is not stated in the source pack.
EV0097,M18,1997,大雄的发条都市冒险记,のび太のねじ巻き都市冒険記,02_ZH_JP_AUDIO,zh-TW,jp-audio,Fansub,Unknown,漫游字幕组,P03：1980–2016 中文底稿大包 [Doraemon_Movie][01-37][DVD&BD][Sub].zip,18[1997]大雄的发条都市冒险记/18[1997]大雄的发条都市冒险记.tc.ass,18[1997]大雄的发条都市冒险记.tc.ass,18[1997]大雄的发条都市冒险记.tc.ass,18[1997]┤≤╨█╡─╖ó╠⌡╢╝╩╨├░╧╒╝╟/18[1997]┤≤╨█╡─╖ó╠⌡╢╝╩╨├░╧╒╝╟.tc.ass,M18_1997_大雄的发条都市冒险记/02_ZH_JP_AUDIO/M18.1997.zh-TW.jp-audio.Fansub.漫游字幕组.ass,M18.1997.zh-TW.jp-audio.Fansub.漫游字幕组.ass,.ass,122059,a140c775fec246fe71feabec08ba2ec93ab26906919a93b504f4a571a66c5542,a140c775fec246fe71feabec08ba2ec93ab26906919a93b504f4a571a66c5542,True,medium,"The source pack is explicitly a 1980–2016 Chinese draft subtitle collection; SC/TC filename variants and ASS headers identify Chinese translation evidence. No evidence establishes Taiwan official, Taiwan dub, or mainland official provenance, so those categories are intentionally not used.",1487,UTF-8-SIG,[1997]大雄的发条都市冒险记,"Language tag follows the source .sc/.tc branch. zh-TW here records the Traditional-Chinese branch only; it is NOT evidence of Taiwan origin, official localization, or Taiwan-dub wording."
EV0035,M19,1998,大雄的南海大冒险,のび太の南海大冒険,01_JA_SOURCE,ja-JP,source,WOWOW,Unknown,Conan06,P01：老 25 部日文原字幕 WOWOW 高清版本抽出的日语字幕，覆盖 1980–2004 全 25 部.zip,[Conan06] Eiga Doraemon - 19 Nobita no Nankai Daibouken (1998) (WOWOW 1280x720 AVC 10bit AAC2.0+DD2.0 Chap).jpn.ass,[Conan06] Eiga Doraemon - 19 Nobita no Nankai Daibouken (1998) (WOWOW 1280x720 AVC 10bit AAC2.0+DD2.0 Chap).jpn.ass,[Conan06] Eiga Doraemon - 19 Nobita no Nankai Daibouken (1998) (WOWOW 1280x720 AVC 10bit AAC2.0+DD2.0 Chap).jpn.ass,[Conan06] Eiga Doraemon - 19 Nobita no Nankai Daibouken (1998) (WOWOW 1280x720 AVC 10bit AAC2.0+DD2.0 Chap).jpn.ass,M19_1998_大雄的南海大冒险/01_JA_SOURCE/M19.1998.ja-JP.source.WOWOW.Conan06.ass,M19.1998.ja-JP.source.WOWOW.Conan06.ass,.ass,227174,2ce4a95f76a21363f69bc2d4787300071b768bae416e3ecf3682f4f0d858ae1e,2ce4a95f76a21363f69bc2d4787300071b768bae416e3ecf3682f4f0d858ae1e,True,high,"Filename explicitly identifies Eiga Doraemon movie index/year, WOWOW release, Japanese subtitle suffix, and Conan06 release tag; index/year cross-check the stable movie catalog.",2065,UTF-8-SIG,Default Aegisub file,"Creator token follows the explicit [Conan06] release tag, consistent with the requested naming example."
EV0098,M19,1998,大雄的南海大冒险,のび太の南海大冒険,02_ZH_JP_AUDIO,zh-CN,jp-audio,Fansub,Unknown,HKG字幕组&影月字幕组,P03：1980–2016 中文底稿大包 [Doraemon_Movie][01-37][DVD&BD][Sub].zip,19[1998]大雄的南海大冒险/19[1998]大雄的南海大冒险.sc.ass,19[1998]大雄的南海大冒险.sc.ass,19[1998]大雄的南海大冒险.sc.ass,19[1998]┤≤╨█╡──╧║ú┤≤├░╧╒/19[1998]┤≤╨█╡──╧║ú┤≤├░╧╒.sc.ass,M19_1998_大雄的南海大冒险/02_ZH_JP_AUDIO/M19.1998.zh-CN.jp-audio.Fansub.HKG字幕组+影月字幕组.ass,M19.1998.zh-CN.jp-audio.Fansub.HKG字幕组+影月字幕组.ass,.ass,121418,325e99893776ac7d108bb09423c5eb717fb114f2008c686eaf65a39c996ee069,325e99893776ac7d108bb09423c5eb717fb114f2008c686eaf65a39c996ee069,True,medium,"The source pack is explicitly a 1980–2016 Chinese draft subtitle collection; SC/TC filename variants and ASS headers identify Chinese translation evidence. No evidence establishes Taiwan official, Taiwan dub, or mainland official provenance, so those categories are intentionally not used.",1509,UTF-8-SIG,[1998]南海大冒险,"Language tag follows the source .sc/.tc branch. zh-TW here records the Traditional-Chinese branch only; it is NOT evidence of Taiwan origin, official localization, or Taiwan-dub wording."
EV0055,M19,1998,大雄的南海大冒险,のび太の南海大冒険,02_ZH_JP_AUDIO,zh-CN,jp-audio,WOWOWCN,Unknown,HKG字幕组&影月字幕组,P02：老 25 部 WOWOW 对轴简中 哆啦A梦大山版剧场版（匹配WOWOW高清版）.rar,19[1998]大雄的南海大冒险.ass,19[1998]大雄的南海大冒险.ass,19[1998]大雄的南海大冒险.ass,19[1998]大雄的南海大冒险.ass,M19_1998_大雄的南海大冒险/02_ZH_JP_AUDIO/M19.1998.zh-CN.jp-audio.WOWOWCN.HKG字幕组+影月字幕组.ass,M19.1998.zh-CN.jp-audio.WOWOWCN.HKG字幕组+影月字幕组.ass,.ass,121300,36a60195d3243180fe42c3e594de18c0478566a9d5935c2653536c19fcf5bba6,36a60195d3243180fe42c3e594de18c0478566a9d5935c2653536c19fcf5bba6,True,high,Pack name and included note explicitly state these are Simplified Chinese subtitles retimed to match the WOWOW HD Japanese-source releases; movie index/year are explicit in each filename.,1509,UTF-8-SIG,[1998]南海大冒险,source=WOWOWCN denotes WOWOW-aligned Chinese evidence (not a claim that WOWOW authored the Chinese translation). creator records the ASS Original Script credit; the timing-adapter identity is not stated in the source pack.
EV0099,M19,1998,大雄的南海大冒险,のび太の南海大冒険,02_ZH_JP_AUDIO,zh-TW,jp-audio,Fansub,Unknown,HKG字幕組&影月字幕組,P03：1980–2016 中文底稿大包 [Doraemon_Movie][01-37][DVD&BD][Sub].zip,19[1998]大雄的南海大冒险/19[1998]大雄的南海大冒险.tc.ass,19[1998]大雄的南海大冒险.tc.ass,19[1998]大雄的南海大冒险.tc.ass,19[1998]┤≤╨█╡──╧║ú┤≤├░╧╒/19[1998]┤≤╨█╡──╧║ú┤≤├░╧╒.tc.ass,M19_1998_大雄的南海大冒险/02_ZH_JP_AUDIO/M19.1998.zh-TW.jp-audio.Fansub.HKG字幕組+影月字幕組.ass,M19.1998.zh-TW.jp-audio.Fansub.HKG字幕組+影月字幕組.ass,.ass,121418,9cb0178dcf760eba385860ca932361c6bab974c7baf2947104a176cfc411d62a,9cb0178dcf760eba385860ca932361c6bab974c7baf2947104a176cfc411d62a,True,medium,"The source pack is explicitly a 1980–2016 Chinese draft subtitle collection; SC/TC filename variants and ASS headers identify Chinese translation evidence. No evidence establishes Taiwan official, Taiwan dub, or mainland official provenance, so those categories are intentionally not used.",1509,UTF-8-SIG,[1998]南海大冒險,"Language tag follows the source .sc/.tc branch. zh-TW here records the Traditional-Chinese branch only; it is NOT evidence of Taiwan origin, official localization, or Taiwan-dub wording."
EV0036,M20,1999,大雄的宇宙漂流记,のび太の宇宙漂流記,01_JA_SOURCE,ja-JP,source,WOWOW,Unknown,Conan06,P01：老 25 部日文原字幕 WOWOW 高清版本抽出的日语字幕，覆盖 1980–2004 全 25 部.zip,[Conan06] Eiga Doraemon - 20 Nobita no Uchuu Hyouryuuki (1999) (WOWOW 1280x720 AVC 10bit AAC5.1+DD2.0 Chap).jpn.ass,[Conan06] Eiga Doraemon - 20 Nobita no Uchuu Hyouryuuki (1999) (WOWOW 1280x720 AVC 10bit AAC5.1+DD2.0 Chap).jpn.ass,[Conan06] Eiga Doraemon - 20 Nobita no Uchuu Hyouryuuki (1999) (WOWOW 1280x720 AVC 10bit AAC5.1+DD2.0 Chap).jpn.ass,[Conan06] Eiga Doraemon - 20 Nobita no Uchuu Hyouryuuki (1999) (WOWOW 1280x720 AVC 10bit AAC5.1+DD2.0 Chap).jpn.ass,M20_1999_大雄的宇宙漂流记/01_JA_SOURCE/M20.1999.ja-JP.source.WOWOW.Conan06.ass,M20.1999.ja-JP.source.WOWOW.Conan06.ass,.ass,235941,30851773eb76af1b40a8120688e64f02ac6192a3cc9bdd041a53f50afa14a9ca,30851773eb76af1b40a8120688e64f02ac6192a3cc9bdd041a53f50afa14a9ca,True,high,"Filename explicitly identifies Eiga Doraemon movie index/year, WOWOW release, Japanese subtitle suffix, and Conan06 release tag; index/year cross-check the stable movie catalog.",2148,UTF-8-SIG,Default Aegisub file,"Creator token follows the explicit [Conan06] release tag, consistent with the requested naming example."
EV0100,M20,1999,大雄的宇宙漂流记,のび太の宇宙漂流記,02_ZH_JP_AUDIO,zh-CN,jp-audio,Fansub,Unknown,HKG字幕组 & 影月字幕组,P03：1980–2016 中文底稿大包 [Doraemon_Movie][01-37][DVD&BD][Sub].zip,20[1999]大雄的宇宙漂流记/20[1999]大雄的宇宙漂流记.sc.ass,20[1999]大雄的宇宙漂流记.sc.ass,20[1999]大雄的宇宙漂流记.sc.ass,20[1999]┤≤╨█╡─╙ε╓µ╞»┴≈╝╟/20[1999]┤≤╨█╡─╙ε╓µ╞»┴≈╝╟.sc.ass,M20_1999_大雄的宇宙漂流记/02_ZH_JP_AUDIO/M20.1999.zh-CN.jp-audio.Fansub.HKG字幕组+影月字幕组.ass,M20.1999.zh-CN.jp-audio.Fansub.HKG字幕组+影月字幕组.ass,.ass,174277,f419bd7c4bf10f904b088c1faafd01cf29b422430456712f219a1dc344e1ee12,f419bd7c4bf10f904b088c1faafd01cf29b422430456712f219a1dc344e1ee12,True,medium,"The source pack is explicitly a 1980–2016 Chinese draft subtitle collection; SC/TC filename variants and ASS headers identify Chinese translation evidence. No evidence establishes Taiwan official, Taiwan dub, or mainland official provenance, so those categories are intentionally not used.",1451,UTF-8-SIG,[1999]大雄的宇宙漂流记,"Language tag follows the source .sc/.tc branch. zh-TW here records the Traditional-Chinese branch only; it is NOT evidence of Taiwan origin, official localization, or Taiwan-dub wording."
EV0056,M20,1999,大雄的宇宙漂流记,のび太の宇宙漂流記,02_ZH_JP_AUDIO,zh-CN,jp-audio,WOWOWCN,Unknown,HKG字幕组 & 影月字幕组,P02：老 25 部 WOWOW 对轴简中 哆啦A梦大山版剧场版（匹配WOWOW高清版）.rar,20[1999]大雄的宇宙漂流记.ass,20[1999]大雄的宇宙漂流记.ass,20[1999]大雄的宇宙漂流记.ass,20[1999]大雄的宇宙漂流记.ass,M20_1999_大雄的宇宙漂流记/02_ZH_JP_AUDIO/M20.1999.zh-CN.jp-audio.WOWOWCN.HKG字幕组+影月字幕组.ass,M20.1999.zh-CN.jp-audio.WOWOWCN.HKG字幕组+影月字幕组.ass,.ass,173267,41365075223a2e436fc3377157e399bf701ae5cb5db7a8dcd6156eb37db66530,41365075223a2e436fc3377157e399bf701ae5cb5db7a8dcd6156eb37db66530,True,high,Pack name and included note explicitly state these are Simplified Chinese subtitles retimed to match the WOWOW HD Japanese-source releases; movie index/year are explicit in each filename.,1451,UTF-8-SIG,[1999]大雄的宇宙漂流记,source=WOWOWCN denotes WOWOW-aligned Chinese evidence (not a claim that WOWOW authored the Chinese translation). creator records the ASS Original Script credit; the timing-adapter identity is not stated in the source pack.
EV0101,M20,1999,大雄的宇宙漂流记,のび太の宇宙漂流記,02_ZH_JP_AUDIO,zh-TW,jp-audio,Fansub,Unknown,HKG字幕組 & 影月字幕組,P03：1980–2016 中文底稿大包 [Doraemon_Movie][01-37][DVD&BD][Sub].zip,20[1999]大雄的宇宙漂流记/20[1999]大雄的宇宙漂流记.tc.ass,20[1999]大雄的宇宙漂流记.tc.ass,20[1999]大雄的宇宙漂流记.tc.ass,20[1999]┤≤╨█╡─╙ε╓µ╞»┴≈╝╟/20[1999]┤≤╨█╡─╙ε╓µ╞»┴≈╝╟.tc.ass,M20_1999_大雄的宇宙漂流记/02_ZH_JP_AUDIO/M20.1999.zh-TW.jp-audio.Fansub.HKG字幕組+影月字幕組.ass,M20.1999.zh-TW.jp-audio.Fansub.HKG字幕組+影月字幕組.ass,.ass,174277,bdc8af18d5dbed9125052c961d8e52b15dd0f964e9ee980af1ad44c8589e57bf,bdc8af18d5dbed9125052c961d8e52b15dd0f964e9ee980af1ad44c8589e57bf,True,medium,"The source pack is explicitly a 1980–2016 Chinese draft subtitle collection; SC/TC filename variants and ASS headers identify Chinese translation evidence. No evidence establishes Taiwan official, Taiwan dub, or mainland official provenance, so those categories are intentionally not used.",1451,UTF-8-SIG,[1999]大雄的宇宙漂流記,"Language tag follows the source .sc/.tc branch. zh-TW here records the Traditional-Chinese branch only; it is NOT evidence of Taiwan origin, official localization, or Taiwan-dub wording."
EV0012,M21,2000,大雄的太阳王传说,のび太の太陽王伝説,01_JA_SOURCE,ja-JP,source,WOWOW,Unknown,Conan06,P01：老 25 部日文原字幕 WOWOW 高清版本抽出的日语字幕，覆盖 1980–2004 全 25 部.zip,[Conan06] Eiga Doraemon - 21 Nobita no Taiyouou Densetsu (2000) (WOWOW 1280x720 AVC 10bit AAC5.1+DD2.0 Chap).jpn.ass,[Conan06] Eiga Doraemon - 21 Nobita no Taiyouou Densetsu (2000) (WOWOW 1280x720 AVC 10bit AAC5.1+DD2.0 Chap).jpn.ass,[Conan06] Eiga Doraemon - 21 Nobita no Taiyouou Densetsu (2000) (WOWOW 1280x720 AVC 10bit AAC5.1+DD2.0 Chap).jpn.ass,[Conan06] Eiga Doraemon - 21 Nobita no Taiyouou Densetsu (2000) (WOWOW 1280x720 AVC 10bit AAC5.1+DD2.0 Chap).jpn.ass,M21_2000_大雄的太阳王传说/01_JA_SOURCE/M21.2000.ja-JP.source.WOWOW.Conan06.ass,M21.2000.ja-JP.source.WOWOW.Conan06.ass,.ass,223980,049993c3653efe12ae76763f9bdc48a39cbf5ebbe01b686827765907644ba31f,049993c3653efe12ae76763f9bdc48a39cbf5ebbe01b686827765907644ba31f,True,high,"Filename explicitly identifies Eiga Doraemon movie index/year, WOWOW release, Japanese subtitle suffix, and Conan06 release tag; index/year cross-check the stable movie catalog.",2052,UTF-8-SIG,Default Aegisub file,"Creator token follows the explicit [Conan06] release tag, consistent with the requested naming example."
EV0102,M21,2000,大雄的太阳王传说,のび太の太陽王伝説,02_ZH_JP_AUDIO,zh-CN,jp-audio,Fansub,Unknown,HKG字幕组&影月字幕组,P03：1980–2016 中文底稿大包 [Doraemon_Movie][01-37][DVD&BD][Sub].zip,21[2000]大雄的太阳王传说/21[2000]大雄的太阳王传说.sc.ass,21[2000]大雄的太阳王传说.sc.ass,21[2000]大雄的太阳王传说.sc.ass,21[2000]┤≤╨█╡─╠½╤⌠═⌡┤½╦╡/21[2000]┤≤╨█╡─╠½╤⌠═⌡┤½╦╡.sc.ass,M21_2000_大雄的太阳王传说/02_ZH_JP_AUDIO/M21.2000.zh-CN.jp-audio.Fansub.HKG字幕组+影月字幕组.ass,M21.2000.zh-CN.jp-audio.Fansub.HKG字幕组+影月字幕组.ass,.ass,114762,88c4233c15c25a8bc1ca8dd2aba3b8a6e2297418032205b534efa2446df14ac4,88c4233c15c25a8bc1ca8dd2aba3b8a6e2297418032205b534efa2446df14ac4,True,medium,"The source pack is explicitly a 1980–2016 Chinese draft subtitle collection; SC/TC filename variants and ASS headers identify Chinese translation evidence. No evidence establishes Taiwan official, Taiwan dub, or mainland official provenance, so those categories are intentionally not used.",1397,UTF-8-SIG,[2000]太阳王传说,"Language tag follows the source .sc/.tc branch. zh-TW here records the Traditional-Chinese branch only; it is NOT evidence of Taiwan origin, official localization, or Taiwan-dub wording."
EV0057,M21,2000,大雄的太阳王传说,のび太の太陽王伝説,02_ZH_JP_AUDIO,zh-CN,jp-audio,WOWOWCN,Unknown,HKG字幕组&影月字幕组,P02：老 25 部 WOWOW 对轴简中 哆啦A梦大山版剧场版（匹配WOWOW高清版）.rar,21[2000]大雄的太阳王传说.ass,21[2000]大雄的太阳王传说.ass,21[2000]大雄的太阳王传说.ass,21[2000]大雄的太阳王传说.ass,M21_2000_大雄的太阳王传说/02_ZH_JP_AUDIO/M21.2000.zh-CN.jp-audio.WOWOWCN.HKG字幕组+影月字幕组.ass,M21.2000.zh-CN.jp-audio.WOWOWCN.HKG字幕组+影月字幕组.ass,.ass,113559,2b0d80aa56bee9cffadaae3096ed7bca3eac70fdb07288562a968fda07c11f0c,2b0d80aa56bee9cffadaae3096ed7bca3eac70fdb07288562a968fda07c11f0c,True,high,Pack name and included note explicitly state these are Simplified Chinese subtitles retimed to match the WOWOW HD Japanese-source releases; movie index/year are explicit in each filename.,1395,UTF-8-SIG,[2000]太阳王传说,source=WOWOWCN denotes WOWOW-aligned Chinese evidence (not a claim that WOWOW authored the Chinese translation). creator records the ASS Original Script credit; the timing-adapter identity is not stated in the source pack.
EV0103,M21,2000,大雄的太阳王传说,のび太の太陽王伝説,02_ZH_JP_AUDIO,zh-TW,jp-audio,Fansub,Unknown,HKG字幕組&影月字幕組,P03：1980–2016 中文底稿大包 [Doraemon_Movie][01-37][DVD&BD][Sub].zip,21[2000]大雄的太阳王传说/21[2000]大雄的太阳王传说.tc.ass,21[2000]大雄的太阳王传说.tc.ass,21[2000]大雄的太阳王传说.tc.ass,21[2000]┤≤╨█╡─╠½╤⌠═⌡┤½╦╡/21[2000]┤≤╨█╡─╠½╤⌠═⌡┤½╦╡.tc.ass,M21_2000_大雄的太阳王传说/02_ZH_JP_AUDIO/M21.2000.zh-TW.jp-audio.Fansub.HKG字幕組+影月字幕組.ass,M21.2000.zh-TW.jp-audio.Fansub.HKG字幕組+影月字幕組.ass,.ass,114762,e8fbd9a564e3111961da69182902f969699d7fb1bd2f43969484c51c15e9bdba,e8fbd9a564e3111961da69182902f969699d7fb1bd2f43969484c51c15e9bdba,True,medium,"The source pack is explicitly a 1980–2016 Chinese draft subtitle collection; SC/TC filename variants and ASS headers identify Chinese translation evidence. No evidence establishes Taiwan official, Taiwan dub, or mainland official provenance, so those categories are intentionally not used.",1397,UTF-8-SIG,[2000]太陽王傳說,"Language tag follows the source .sc/.tc branch. zh-TW here records the Traditional-Chinese branch only; it is NOT evidence of Taiwan origin, official localization, or Taiwan-dub wording."
EV0013,M22,2001,大雄与翼之勇者,のび太と翼の勇者たち,01_JA_SOURCE,ja-JP,source,WOWOW,Unknown,Conan06,P01：老 25 部日文原字幕 WOWOW 高清版本抽出的日语字幕，覆盖 1980–2004 全 25 部.zip,[Conan06] Eiga Doraemon - 22 Nobita to Tsubasa no Yuusha-tachi (2001) (WOWOW 1280x720 AVC 10bit AAC5.1+DD2.0 Chap).jpn.ass,[Conan06] Eiga Doraemon - 22 Nobita to Tsubasa no Yuusha-tachi (2001) (WOWOW 1280x720 AVC 10bit AAC5.1+DD2.0 Chap).jpn.ass,[Conan06] Eiga Doraemon - 22 Nobita to Tsubasa no Yuusha-tachi (2001) (WOWOW 1280x720 AVC 10bit AAC5.1+DD2.0 Chap).jpn.ass,[Conan06] Eiga Doraemon - 22 Nobita to Tsubasa no Yuusha-tachi (2001) (WOWOW 1280x720 AVC 10bit AAC5.1+DD2.0 Chap).jpn.ass,M22_2001_大雄与翼之勇者/01_JA_SOURCE/M22.2001.ja-JP.source.WOWOW.Conan06.ass,M22.2001.ja-JP.source.WOWOW.Conan06.ass,.ass,219854,f504d1b35f0d4cf6a1336c25f66a79138ddfaf85f5617ba4608840b2dfcbc987,f504d1b35f0d4cf6a1336c25f66a79138ddfaf85f5617ba4608840b2dfcbc987,True,high,"Filename explicitly identifies Eiga Doraemon movie index/year, WOWOW release, Japanese subtitle suffix, and Conan06 release tag; index/year cross-check the stable movie catalog.",2004,UTF-8-SIG,Default Aegisub file,"Creator token follows the explicit [Conan06] release tag, consistent with the requested naming example."
EV0104,M22,2001,大雄与翼之勇者,のび太と翼の勇者たち,02_ZH_JP_AUDIO,zh-CN,jp-audio,Fansub,Unknown,漫游字幕组,P03：1980–2016 中文底稿大包 [Doraemon_Movie][01-37][DVD&BD][Sub].zip,22[2001]大雄与翼之勇者/22[2001]大雄与翼之勇者.sc.ass,22[2001]大雄与翼之勇者.sc.ass,22[2001]大雄与翼之勇者.sc.ass,22[2001]┤≤╨█╙δ╥φ╓«╙┬╒▀/22[2001]┤≤╨█╙δ╥φ╓«╙┬╒▀.sc.ass,M22_2001_大雄与翼之勇者/02_ZH_JP_AUDIO/M22.2001.zh-CN.jp-audio.Fansub.漫游字幕组.ass,M22.2001.zh-CN.jp-audio.Fansub.漫游字幕组.ass,.ass,107064,309fe7ab3aa60c7f6a32532e48104d26569c00731a78f08b5ced6b1314cccb2d,309fe7ab3aa60c7f6a32532e48104d26569c00731a78f08b5ced6b1314cccb2d,True,medium,"The source pack is explicitly a 1980–2016 Chinese draft subtitle collection; SC/TC filename variants and ASS headers identify Chinese translation evidence. No evidence establishes Taiwan official, Taiwan dub, or mainland official provenance, so those categories are intentionally not used.",1317,UTF-8-SIG,[2001]大雄与翼之勇者,"Language tag follows the source .sc/.tc branch. zh-TW here records the Traditional-Chinese branch only; it is NOT evidence of Taiwan origin, official localization, or Taiwan-dub wording."
EV0058,M22,2001,大雄与翼之勇者,のび太と翼の勇者たち,02_ZH_JP_AUDIO,zh-CN,jp-audio,WOWOWCN,Unknown,Unknown,P02：老 25 部 WOWOW 对轴简中 哆啦A梦大山版剧场版（匹配WOWOW高清版）.rar,22[2001]大雄与翼之勇者.ass,22[2001]大雄与翼之勇者.ass,22[2001]大雄与翼之勇者.ass,22[2001]大雄与翼之勇者.ass,M22_2001_大雄与翼之勇者/02_ZH_JP_AUDIO/M22.2001.zh-CN.jp-audio.WOWOWCN.Unknown.ass,M22.2001.zh-CN.jp-audio.WOWOWCN.Unknown.ass,.ass,117764,53a3c18386b53049def964a7d7c588b87138b3c13cf6f59fa83f2cd9f980679b,53a3c18386b53049def964a7d7c588b87138b3c13cf6f59fa83f2cd9f980679b,True,high,Pack name and included note explicitly state these are Simplified Chinese subtitles retimed to match the WOWOW HD Japanese-source releases; movie index/year are explicit in each filename.,1317,UTF-8-SIG,,source=WOWOWCN denotes WOWOW-aligned Chinese evidence (not a claim that WOWOW authored the Chinese translation). creator records the ASS Original Script credit; the timing-adapter identity is not stated in the source pack.
EV0105,M22,2001,大雄与翼之勇者,のび太と翼の勇者たち,02_ZH_JP_AUDIO,zh-TW,jp-audio,Fansub,Unknown,漫游字幕组,P03：1980–2016 中文底稿大包 [Doraemon_Movie][01-37][DVD&BD][Sub].zip,22[2001]大雄与翼之勇者/22[2001]大雄与翼之勇者.tc.ass,22[2001]大雄与翼之勇者.tc.ass,22[2001]大雄与翼之勇者.tc.ass,22[2001]┤≤╨█╙δ╥φ╓«╙┬╒▀/22[2001]┤≤╨█╙δ╥φ╓«╙┬╒▀.tc.ass,M22_2001_大雄与翼之勇者/02_ZH_JP_AUDIO/M22.2001.zh-TW.jp-audio.Fansub.漫游字幕组.ass,M22.2001.zh-TW.jp-audio.Fansub.漫游字幕组.ass,.ass,107064,37ad30b2ab5ed667eaad095b366c20739e1f8999d1736b18343e6514bab42d9d,37ad30b2ab5ed667eaad095b366c20739e1f8999d1736b18343e6514bab42d9d,True,medium,"The source pack is explicitly a 1980–2016 Chinese draft subtitle collection; SC/TC filename variants and ASS headers identify Chinese translation evidence. No evidence establishes Taiwan official, Taiwan dub, or mainland official provenance, so those categories are intentionally not used.",1317,UTF-8-SIG,[2001]大雄与翼之勇者,"Language tag follows the source .sc/.tc branch. zh-TW here records the Traditional-Chinese branch only; it is NOT evidence of Taiwan origin, official localization, or Taiwan-dub wording."
EV0014,M23,2002,大雄与机器人王国,のび太とロボット王国,01_JA_SOURCE,ja-JP,source,WOWOW,Unknown,Conan06,P01：老 25 部日文原字幕 WOWOW 高清版本抽出的日语字幕，覆盖 1980–2004 全 25 部.zip,[Conan06] Eiga Doraemon - 23 Nobita to Robot Kingdom (2002) (WOWOW 1280x720 AVC 10bit AAC5.1+DD2.0 Chap).jpn.ass,[Conan06] Eiga Doraemon - 23 Nobita to Robot Kingdom (2002) (WOWOW 1280x720 AVC 10bit AAC5.1+DD2.0 Chap).jpn.ass,[Conan06] Eiga Doraemon - 23 Nobita to Robot Kingdom (2002) (WOWOW 1280x720 AVC 10bit AAC5.1+DD2.0 Chap).jpn.ass,[Conan06] Eiga Doraemon - 23 Nobita to Robot Kingdom (2002) (WOWOW 1280x720 AVC 10bit AAC5.1+DD2.0 Chap).jpn.ass,M23_2002_大雄与机器人王国/01_JA_SOURCE/M23.2002.ja-JP.source.WOWOW.Conan06.ass,M23.2002.ja-JP.source.WOWOW.Conan06.ass,.ass,182769,43fa94c096e58e9cd849919d0614438eb017dd972155ce64b3186ddea58f8c0a,43fa94c096e58e9cd849919d0614438eb017dd972155ce64b3186ddea58f8c0a,True,high,"Filename explicitly identifies Eiga Doraemon movie index/year, WOWOW release, Japanese subtitle suffix, and Conan06 release tag; index/year cross-check the stable movie catalog.",1683,UTF-8-SIG,Default Aegisub file,"Creator token follows the explicit [Conan06] release tag, consistent with the requested naming example."
EV0106,M23,2002,大雄与机器人王国,のび太とロボット王国,02_ZH_JP_AUDIO,zh-CN,jp-audio,Fansub,Unknown,漫游字幕组,P03：1980–2016 中文底稿大包 [Doraemon_Movie][01-37][DVD&BD][Sub].zip,23[2002]大雄与机器人王国/23[2002]大雄与机器人王国.sc.ass,23[2002]大雄与机器人王国.sc.ass,23[2002]大雄与机器人王国.sc.ass,23[2002]┤≤╨█╙δ╗·╞≈╚╦═⌡╣·/23[2002]┤≤╨█╙δ╗·╞≈╚╦═⌡╣·.sc.ass,M23_2002_大雄与机器人王国/02_ZH_JP_AUDIO/M23.2002.zh-CN.jp-audio.Fansub.漫游字幕组.ass,M23.2002.zh-CN.jp-audio.Fansub.漫游字幕组.ass,.ass,100031,f1151716cc3e0096904ba277ab29d94513244b1b33f38db5e0c26d0f5e733ce0,f1151716cc3e0096904ba277ab29d94513244b1b33f38db5e0c26d0f5e733ce0,True,medium,"The source pack is explicitly a 1980–2016 Chinese draft subtitle collection; SC/TC filename variants and ASS headers identify Chinese translation evidence. No evidence establishes Taiwan official, Taiwan dub, or mainland official provenance, so those categories are intentionally not used.",1331,UTF-8-SIG,[2002]大雄与机器人王国,"Language tag follows the source .sc/.tc branch. zh-TW here records the Traditional-Chinese branch only; it is NOT evidence of Taiwan origin, official localization, or Taiwan-dub wording."
EV0059,M23,2002,大雄与机器人王国,のび太とロボット王国,02_ZH_JP_AUDIO,zh-CN,jp-audio,WOWOWCN,Unknown,Unknown,P02：老 25 部 WOWOW 对轴简中 哆啦A梦大山版剧场版（匹配WOWOW高清版）.rar,23[2002]大雄与机器人王国.ass,23[2002]大雄与机器人王国.ass,23[2002]大雄与机器人王国.ass,23[2002]大雄与机器人王国.ass,M23_2002_大雄与机器人王国/02_ZH_JP_AUDIO/M23.2002.zh-CN.jp-audio.WOWOWCN.Unknown.ass,M23.2002.zh-CN.jp-audio.WOWOWCN.Unknown.ass,.ass,98817,52fef6dbad518fd98642baaa385d18d3debfa922459548b54a19182c2928fb7e,52fef6dbad518fd98642baaa385d18d3debfa922459548b54a19182c2928fb7e,True,high,Pack name and included note explicitly state these are Simplified Chinese subtitles retimed to match the WOWOW HD Japanese-source releases; movie index/year are explicit in each filename.,1330,UTF-8-SIG,,source=WOWOWCN denotes WOWOW-aligned Chinese evidence (not a claim that WOWOW authored the Chinese translation). creator records the ASS Original Script credit; the timing-adapter identity is not stated in the source pack.
EV0107,M23,2002,大雄与机器人王国,のび太とロボット王国,02_ZH_JP_AUDIO,zh-TW,jp-audio,Fansub,Unknown,漫游字幕组,P03：1980–2016 中文底稿大包 [Doraemon_Movie][01-37][DVD&BD][Sub].zip,23[2002]大雄与机器人王国/23[2002]大雄与机器人王国.tc.ass,23[2002]大雄与机器人王国.tc.ass,23[2002]大雄与机器人王国.tc.ass,23[2002]┤≤╨█╙δ╗·╞≈╚╦═⌡╣·/23[2002]┤≤╨█╙δ╗·╞≈╚╦═⌡╣·.tc.ass,M23_2002_大雄与机器人王国/02_ZH_JP_AUDIO/M23.2002.zh-TW.jp-audio.Fansub.漫游字幕组.ass,M23.2002.zh-TW.jp-audio.Fansub.漫游字幕组.ass,.ass,100031,04e47641a43bf349759263f31be3cddf8e1907ea4cb5aaf94a647ea651d06af4,04e47641a43bf349759263f31be3cddf8e1907ea4cb5aaf94a647ea651d06af4,True,medium,"The source pack is explicitly a 1980–2016 Chinese draft subtitle collection; SC/TC filename variants and ASS headers identify Chinese translation evidence. No evidence establishes Taiwan official, Taiwan dub, or mainland official provenance, so those categories are intentionally not used.",1331,UTF-8-SIG,[2002]大雄与机器人王国,"Language tag follows the source .sc/.tc branch. zh-TW here records the Traditional-Chinese branch only; it is NOT evidence of Taiwan origin, official localization, or Taiwan-dub wording."
EV0015,M24,2003,大雄与风之使者,のび太とふしぎ風使い,01_JA_SOURCE,ja-JP,source,WOWOW,Unknown,Conan06,P01：老 25 部日文原字幕 WOWOW 高清版本抽出的日语字幕，覆盖 1980–2004 全 25 部.zip,[Conan06] Eiga Doraemon - 24 Nobita to Fushigi Kazetsukai (2003) (WOWOW 1280x720 AVC 10bit AAC5.1+DD5.1+DD2.0 Chap).jpn.ass,[Conan06] Eiga Doraemon - 24 Nobita to Fushigi Kazetsukai (2003) (WOWOW 1280x720 AVC 10bit AAC5.1+DD5.1+DD2.0 Chap).jpn.ass,[Conan06] Eiga Doraemon - 24 Nobita to Fushigi Kazetsukai (2003) (WOWOW 1280x720 AVC 10bit AAC5.1+DD5.1+DD2.0 Chap).jpn.ass,[Conan06] Eiga Doraemon - 24 Nobita to Fushigi Kazetsukai (2003) (WOWOW 1280x720 AVC 10bit AAC5.1+DD5.1+DD2.0 Chap).jpn.ass,M24_2003_大雄与风之使者/01_JA_SOURCE/M24.2003.ja-JP.source.WOWOW.Conan06.ass,M24.2003.ja-JP.source.WOWOW.Conan06.ass,.ass,187615,60f4764d6ba17e5febe58a4aeadf16bcc0b5d16c59f3b95f497d181cef36b770,60f4764d6ba17e5febe58a4aeadf16bcc0b5d16c59f3b95f497d181cef36b770,True,high,"Filename explicitly identifies Eiga Doraemon movie index/year, WOWOW release, Japanese subtitle suffix, and Conan06 release tag; index/year cross-check the stable movie catalog.",1724,UTF-8-SIG,Default Aegisub file,"Creator token follows the explicit [Conan06] release tag, consistent with the requested naming example."
EV0108,M24,2003,大雄与风之使者,のび太とふしぎ風使い,02_ZH_JP_AUDIO,zh-CN,jp-audio,Fansub,Unknown,地狱字幕组&HKG字幕组&影月字幕组,P03：1980–2016 中文底稿大包 [Doraemon_Movie][01-37][DVD&BD][Sub].zip,24[2003]大雄与风之使者/24[2003]大雄与风之使者.sc.ass,24[2003]大雄与风之使者.sc.ass,24[2003]大雄与风之使者.sc.ass,24[2003]┤≤╨█╙δ╖τ╓«╩╣╒▀/24[2003]┤≤╨█╙δ╖τ╓«╩╣╒▀.sc.ass,M24_2003_大雄与风之使者/02_ZH_JP_AUDIO/M24.2003.zh-CN.jp-audio.Fansub.地狱字幕组+HKG字幕组+影月字幕组.ass,M24.2003.zh-CN.jp-audio.Fansub.地狱字幕组+HKG字幕组+影月字幕组.ass,.ass,92282,e8c7944f8097b6e85b4063e3b357cece2b54223837da691746e0552e94daeb9a,e8c7944f8097b6e85b4063e3b357cece2b54223837da691746e0552e94daeb9a,True,medium,"The source pack is explicitly a 1980–2016 Chinese draft subtitle collection; SC/TC filename variants and ASS headers identify Chinese translation evidence. No evidence establishes Taiwan official, Taiwan dub, or mainland official provenance, so those categories are intentionally not used.",1125,UTF-8-SIG,[2003]大雄与风之使者,"Language tag follows the source .sc/.tc branch. zh-TW here records the Traditional-Chinese branch only; it is NOT evidence of Taiwan origin, official localization, or Taiwan-dub wording."
EV0060,M24,2003,大雄与风之使者,のび太とふしぎ風使い,02_ZH_JP_AUDIO,zh-CN,jp-audio,WOWOWCN,Unknown,地狱字幕组&HKG字幕组&影月字幕组,P02：老 25 部 WOWOW 对轴简中 哆啦A梦大山版剧场版（匹配WOWOW高清版）.rar,24[2003]大雄与风之使者.ass,24[2003]大雄与风之使者.ass,24[2003]大雄与风之使者.ass,24[2003]大雄与风之使者.ass,M24_2003_大雄与风之使者/02_ZH_JP_AUDIO/M24.2003.zh-CN.jp-audio.WOWOWCN.地狱字幕组+HKG字幕组+影月字幕组.ass,M24.2003.zh-CN.jp-audio.WOWOWCN.地狱字幕组+HKG字幕组+影月字幕组.ass,.ass,92101,3f6df927e9cec35f337b0778fefd5640e88b93345eea2738320b6a0aa2ddc16e,3f6df927e9cec35f337b0778fefd5640e88b93345eea2738320b6a0aa2ddc16e,True,high,Pack name and included note explicitly state these are Simplified Chinese subtitles retimed to match the WOWOW HD Japanese-source releases; movie index/year are explicit in each filename.,1125,UTF-8-SIG,[2003]大雄与风之使者,source=WOWOWCN denotes WOWOW-aligned Chinese evidence (not a claim that WOWOW authored the Chinese translation). creator records the ASS Original Script credit; the timing-adapter identity is not stated in the source pack.
EV0109,M24,2003,大雄与风之使者,のび太とふしぎ風使い,02_ZH_JP_AUDIO,zh-TW,jp-audio,Fansub,Unknown,地獄字幕組&HKG字幕組&影月字幕組,P03：1980–2016 中文底稿大包 [Doraemon_Movie][01-37][DVD&BD][Sub].zip,24[2003]大雄与风之使者/24[2003]大雄与风之使者.tc.ass,24[2003]大雄与风之使者.tc.ass,24[2003]大雄与风之使者.tc.ass,24[2003]┤≤╨█╙δ╖τ╓«╩╣╒▀/24[2003]┤≤╨█╙δ╖τ╓«╩╣╒▀.tc.ass,M24_2003_大雄与风之使者/02_ZH_JP_AUDIO/M24.2003.zh-TW.jp-audio.Fansub.地獄字幕組+HKG字幕組+影月字幕組.ass,M24.2003.zh-TW.jp-audio.Fansub.地獄字幕組+HKG字幕組+影月字幕組.ass,.ass,92282,7faf8007994b8529a3ee7347330e836e31746e29d848527143a320c321933da1,7faf8007994b8529a3ee7347330e836e31746e29d848527143a320c321933da1,True,medium,"The source pack is explicitly a 1980–2016 Chinese draft subtitle collection; SC/TC filename variants and ASS headers identify Chinese translation evidence. No evidence establishes Taiwan official, Taiwan dub, or mainland official provenance, so those categories are intentionally not used.",1125,UTF-8-SIG,[2003]大雄與風之使者,"Language tag follows the source .sc/.tc branch. zh-TW here records the Traditional-Chinese branch only; it is NOT evidence of Taiwan origin, official localization, or Taiwan-dub wording."
EV0016,M25,2004,大雄的猫狗时空传,のび太のワンニャン時空伝,01_JA_SOURCE,ja-JP,source,WOWOW,Unknown,Conan06,P01：老 25 部日文原字幕 WOWOW 高清版本抽出的日语字幕，覆盖 1980–2004 全 25 部.zip,[Conan06] Eiga Doraemon - 25 Nobita no Wan-Nyan Jikuuden (2004) (WOWOW 1280x720 AVC 10bit AAC5.1+DD5.1+DD2.0 Chap).jpn.ass,[Conan06] Eiga Doraemon - 25 Nobita no Wan-Nyan Jikuuden (2004) (WOWOW 1280x720 AVC 10bit AAC5.1+DD5.1+DD2.0 Chap).jpn.ass,[Conan06] Eiga Doraemon - 25 Nobita no Wan-Nyan Jikuuden (2004) (WOWOW 1280x720 AVC 10bit AAC5.1+DD5.1+DD2.0 Chap).jpn.ass,[Conan06] Eiga Doraemon - 25 Nobita no Wan-Nyan Jikuuden (2004) (WOWOW 1280x720 AVC 10bit AAC5.1+DD5.1+DD2.0 Chap).jpn.ass,M25_2004_大雄的猫狗时空传/01_JA_SOURCE/M25.2004.ja-JP.source.WOWOW.Conan06.ass,M25.2004.ja-JP.source.WOWOW.Conan06.ass,.ass,185548,1967acd281464d6e6cbef45bb281ffe1be0846664f2a26301c6aec8a32f546e9,1967acd281464d6e6cbef45bb281ffe1be0846664f2a26301c6aec8a32f546e9,True,high,"Filename explicitly identifies Eiga Doraemon movie index/year, WOWOW release, Japanese subtitle suffix, and Conan06 release tag; index/year cross-check the stable movie catalog.",1686,UTF-8-SIG,Default Aegisub file,"Creator token follows the explicit [Conan06] release tag, consistent with the requested naming example."
EV0110,M25,2004,大雄的猫狗时空传,のび太のワンニャン時空伝,02_ZH_JP_AUDIO,zh-CN,jp-audio,Fansub,Unknown,HKG字幕组&影月字幕组,P03：1980–2016 中文底稿大包 [Doraemon_Movie][01-37][DVD&BD][Sub].zip,25[2004]大雄的猫狗时空传/25[2004]大雄的猫狗时空传.sc.ass,25[2004]大雄的猫狗时空传.sc.ass,25[2004]大雄的猫狗时空传.sc.ass,25[2004]┤≤╨█╡─├¿╣╖╩▒┐╒┤½/25[2004]┤≤╨█╡─├¿╣╖╩▒┐╒┤½.sc.ass,M25_2004_大雄的猫狗时空传/02_ZH_JP_AUDIO/M25.2004.zh-CN.jp-audio.Fansub.HKG字幕组+影月字幕组.ass,M25.2004.zh-CN.jp-audio.Fansub.HKG字幕组+影月字幕组.ass,.ass,121496,7e1d6ccd0603d48f041d2d8cbe1ee50e3f572194446032c8c40fd7c61f94033a,7e1d6ccd0603d48f041d2d8cbe1ee50e3f572194446032c8c40fd7c61f94033a,True,medium,"The source pack is explicitly a 1980–2016 Chinese draft subtitle collection; SC/TC filename variants and ASS headers identify Chinese translation evidence. No evidence establishes Taiwan official, Taiwan dub, or mainland official provenance, so those categories are intentionally not used.",1302,UTF-8-SIG,[2004]大雄的猫狗时空传,"Language tag follows the source .sc/.tc branch. zh-TW here records the Traditional-Chinese branch only; it is NOT evidence of Taiwan origin, official localization, or Taiwan-dub wording."
EV0061,M25,2004,大雄的猫狗时空传,のび太のワンニャン時空伝,02_ZH_JP_AUDIO,zh-CN,jp-audio,WOWOWCN,Unknown,HKG字幕组&影月字幕组,P02：老 25 部 WOWOW 对轴简中 哆啦A梦大山版剧场版（匹配WOWOW高清版）.rar,25[2004]大雄的猫狗时空传.ass,25[2004]大雄的猫狗时空传.ass,25[2004]大雄的猫狗时空传.ass,25[2004]大雄的猫狗时空传.ass,M25_2004_大雄的猫狗时空传/02_ZH_JP_AUDIO/M25.2004.zh-CN.jp-audio.WOWOWCN.HKG字幕组+影月字幕组.ass,M25.2004.zh-CN.jp-audio.WOWOWCN.HKG字幕组+影月字幕组.ass,.ass,107016,e657a29b4c6a4575e120e9c00fced411f4a3541106cc2de3e8289bb60d780813,e657a29b4c6a4575e120e9c00fced411f4a3541106cc2de3e8289bb60d780813,True,high,Pack name and included note explicitly state these are Simplified Chinese subtitles retimed to match the WOWOW HD Japanese-source releases; movie index/year are explicit in each filename.,1211,UTF-8-SIG,[2004]大雄的猫狗时空传,source=WOWOWCN denotes WOWOW-aligned Chinese evidence (not a claim that WOWOW authored the Chinese translation). creator records the ASS Original Script credit; the timing-adapter identity is not stated in the source pack.
EV0111,M25,2004,大雄的猫狗时空传,のび太のワンニャン時空伝,02_ZH_JP_AUDIO,zh-TW,jp-audio,Fansub,Unknown,HKG字幕組&影月字幕組,P03：1980–2016 中文底稿大包 [Doraemon_Movie][01-37][DVD&BD][Sub].zip,25[2004]大雄的猫狗时空传/25[2004]大雄的猫狗时空传.tc.ass,25[2004]大雄的猫狗时空传.tc.ass,25[2004]大雄的猫狗时空传.tc.ass,25[2004]┤≤╨█╡─├¿╣╖╩▒┐╒┤½/25[2004]┤≤╨█╡─├¿╣╖╩▒┐╒┤½.tc.ass,M25_2004_大雄的猫狗时空传/02_ZH_JP_AUDIO/M25.2004.zh-TW.jp-audio.Fansub.HKG字幕組+影月字幕組.ass,M25.2004.zh-TW.jp-audio.Fansub.HKG字幕組+影月字幕組.ass,.ass,121487,30aaeada2c8fca65cdea693bd14fcf394bca983f42a813695febdcbe784df046,30aaeada2c8fca65cdea693bd14fcf394bca983f42a813695febdcbe784df046,True,medium,"The source pack is explicitly a 1980–2016 Chinese draft subtitle collection; SC/TC filename variants and ASS headers identify Chinese translation evidence. No evidence establishes Taiwan official, Taiwan dub, or mainland official provenance, so those categories are intentionally not used.",1302,UTF-8-SIG,[2004]貓狗時空傳,"Language tag follows the source .sc/.tc branch. zh-TW here records the Traditional-Chinese branch only; it is NOT evidence of Taiwan origin, official localization, or Taiwan-dub wording."
EV0001,M26,2006,新大雄的恐龙,のび太の恐竜2006,01_JA_SOURCE,ja-JP,source,Netflix,Jimaku,Unknown,Doraemon-JP-2006-2025.zip,Doraemon-JP-2006-2025/M26_2006_新大雄的恐龙/M26.2006.ja-JP.Netflix.srt,映画ドラえもん.のび太の恐竜2006.WEBRip.Netflix.ja[cc].srt,M26.2006.ja-JP.Netflix.srt,Doraemon-JP-2006-2025/M26_2006_新大雄的恐龙/M26.2006.ja-JP.Netflix.srt,M26_2006_新大雄的恐龙/01_JA_SOURCE/M26.2006.ja-JP.source.Netflix.Unknown.srt,M26.2006.ja-JP.source.Netflix.Unknown.srt,.srt,126204,52dab82b54d355c3a821a7ef6e7d1d5dc321e71ec1cd00b9124a0afb5275c102,52dab82b54d355c3a821a7ef6e7d1d5dc321e71ec1cd00b9124a0afb5275c102,True,high,Japanese subtitle member is explicitly indexed as Netflix in the pack metadata; member/movie/year agree.,1549,UTF-8-SIG,,"Downloaded via Jimaku according to the pack internal inventory; source identifies subtitle/original release provenance, not download provider."
EV0112,M26,2006,新大雄的恐龙,のび太の恐竜2006,02_ZH_JP_AUDIO,zh-CN,jp-audio,Fansub,Unknown,HKG字幕组&影月字幕组,P03：1980–2016 中文底稿大包 [Doraemon_Movie][01-37][DVD&BD][Sub].zip,26[2006]新·大雄的恐龙/26[2006]新·大雄的恐龙.sc.ass,26[2006]新·大雄的恐龙.sc.ass,26[2006]新·大雄的恐龙.sc.ass,26[2006]╨┬íñ┤≤╨█╡─┐╓┴·/26[2006]╨┬íñ┤≤╨█╡─┐╓┴·.sc.ass,M26_2006_新大雄的恐龙/02_ZH_JP_AUDIO/M26.2006.zh-CN.jp-audio.Fansub.HKG字幕组+影月字幕组.ass,M26.2006.zh-CN.jp-audio.Fansub.HKG字幕组+影月字幕组.ass,.ass,111707,b379d8fcd32f6158e844ad067e5552d5886c39bcf48e93b827d5ecda8b59c135,b379d8fcd32f6158e844ad067e5552d5886c39bcf48e93b827d5ecda8b59c135,True,medium,"The source pack is explicitly a 1980–2016 Chinese draft subtitle collection; SC/TC filename variants and ASS headers identify Chinese translation evidence. No evidence establishes Taiwan official, Taiwan dub, or mainland official provenance, so those categories are intentionally not used.",1346,UTF-8-SIG,[2006]新·大雄的恐龙,"Language tag follows the source .sc/.tc branch. zh-TW here records the Traditional-Chinese branch only; it is NOT evidence of Taiwan origin, official localization, or Taiwan-dub wording."
EV0113,M26,2006,新大雄的恐龙,のび太の恐竜2006,02_ZH_JP_AUDIO,zh-TW,jp-audio,Fansub,Unknown,HKG字幕組&影月字幕組,P03：1980–2016 中文底稿大包 [Doraemon_Movie][01-37][DVD&BD][Sub].zip,26[2006]新·大雄的恐龙/26[2006]新·大雄的恐龙.tc.ass,26[2006]新·大雄的恐龙.tc.ass,26[2006]新·大雄的恐龙.tc.ass,26[2006]╨┬íñ┤≤╨█╡─┐╓┴·/26[2006]╨┬íñ┤≤╨█╡─┐╓┴·.tc.ass,M26_2006_新大雄的恐龙/02_ZH_JP_AUDIO/M26.2006.zh-TW.jp-audio.Fansub.HKG字幕組+影月字幕組.ass,M26.2006.zh-TW.jp-audio.Fansub.HKG字幕組+影月字幕組.ass,.ass,111707,be27862a05c42a265230e43052296c56d11c747199a82e4159a6ca707b79d56f,be27862a05c42a265230e43052296c56d11c747199a82e4159a6ca707b79d56f,True,medium,"The source pack is explicitly a 1980–2016 Chinese draft subtitle collection; SC/TC filename variants and ASS headers identify Chinese translation evidence. No evidence establishes Taiwan official, Taiwan dub, or mainland official provenance, so those categories are intentionally not used.",1346,UTF-8-SIG,[2006]新·大雄的恐龙,"Language tag follows the source .sc/.tc branch. zh-TW here records the Traditional-Chinese branch only; it is NOT evidence of Taiwan origin, official localization, or Taiwan-dub wording."
EV0002,M27,2007,新魔界大冒险,のび太の新魔界大冒険 ～7人の魔法使い～,01_JA_SOURCE,ja-JP,source,Netflix,Jimaku,Unknown,Doraemon-JP-2006-2025.zip,Doraemon-JP-2006-2025/M27_2007_新魔界大冒险/M27.2007.ja-JP.Netflix.srt,映画ドラえもん.のび太の新魔界大冒険～7人の魔法使い～.WEBRip.Netflix.ja[cc].srt,M27.2007.ja-JP.Netflix.srt,Doraemon-JP-2006-2025/M27_2007_新魔界大冒险/M27.2007.ja-JP.Netflix.srt,M27_2007_新魔界大冒险/01_JA_SOURCE/M27.2007.ja-JP.source.Netflix.Unknown.srt,M27.2007.ja-JP.source.Netflix.Unknown.srt,.srt,168134,6e5786be6fe8fe75349989f7143e388e300f69182202c4a582a835e93f3d9733,6e5786be6fe8fe75349989f7143e388e300f69182202c4a582a835e93f3d9733,True,high,Japanese subtitle member is explicitly indexed as Netflix in the pack metadata; member/movie/year agree.,2103,UTF-8-SIG,,"Downloaded via Jimaku according to the pack internal inventory; source identifies subtitle/original release provenance, not download provider."
EV0114,M27,2007,新魔界大冒险,のび太の新魔界大冒険 ～7人の魔法使い～,02_ZH_JP_AUDIO,zh-CN,jp-audio,Fansub,Unknown,哆啦俱乐部,P03：1980–2016 中文底稿大包 [Doraemon_Movie][01-37][DVD&BD][Sub].zip,27[2007]大雄的新魔界大冒险/27[2007]大雄的新魔界大冒险.sc.ass,27[2007]大雄的新魔界大冒险.sc.ass,27[2007]大雄的新魔界大冒险.sc.ass,27[2007]┤≤╨█╡─╨┬─º╜τ┤≤├░╧╒/27[2007]┤≤╨█╡─╨┬─º╜τ┤≤├░╧╒.sc.ass,M27_2007_新魔界大冒险/02_ZH_JP_AUDIO/M27.2007.zh-CN.jp-audio.Fansub.哆啦俱乐部.ass,M27.2007.zh-CN.jp-audio.Fansub.哆啦俱乐部.ass,.ass,102244,3868b3cd451bdca67af5a17796b70d66abd769bb4683a846a42fbbd3b4e79ca2,3868b3cd451bdca67af5a17796b70d66abd769bb4683a846a42fbbd3b4e79ca2,True,medium,"The source pack is explicitly a 1980–2016 Chinese draft subtitle collection; SC/TC filename variants and ASS headers identify Chinese translation evidence. No evidence establishes Taiwan official, Taiwan dub, or mainland official provenance, so those categories are intentionally not used.",1281,UTF-8-SIG,[2007]大雄的新魔界大冒险,"Language tag follows the source .sc/.tc branch. zh-TW here records the Traditional-Chinese branch only; it is NOT evidence of Taiwan origin, official localization, or Taiwan-dub wording."
EV0115,M27,2007,新魔界大冒险,のび太の新魔界大冒険 ～7人の魔法使い～,02_ZH_JP_AUDIO,zh-TW,jp-audio,Fansub,Unknown,哆啦俱樂部,P03：1980–2016 中文底稿大包 [Doraemon_Movie][01-37][DVD&BD][Sub].zip,27[2007]大雄的新魔界大冒险/27[2007]大雄的新魔界大冒险.tc.ass,27[2007]大雄的新魔界大冒险.tc.ass,27[2007]大雄的新魔界大冒险.tc.ass,27[2007]┤≤╨█╡─╨┬─º╜τ┤≤├░╧╒/27[2007]┤≤╨█╡─╨┬─º╜τ┤≤├░╧╒.tc.ass,M27_2007_新魔界大冒险/02_ZH_JP_AUDIO/M27.2007.zh-TW.jp-audio.Fansub.哆啦俱樂部.ass,M27.2007.zh-TW.jp-audio.Fansub.哆啦俱樂部.ass,.ass,102244,0dc11b6dacb165b04ba4c16b1be5d2641e9622070e97e9df357daac4a26102d0,0dc11b6dacb165b04ba4c16b1be5d2641e9622070e97e9df357daac4a26102d0,True,medium,"The source pack is explicitly a 1980–2016 Chinese draft subtitle collection; SC/TC filename variants and ASS headers identify Chinese translation evidence. No evidence establishes Taiwan official, Taiwan dub, or mainland official provenance, so those categories are intentionally not used.",1281,UTF-8-SIG,[2007]大雄的新魔界大冒险,"Language tag follows the source .sc/.tc branch. zh-TW here records the Traditional-Chinese branch only; it is NOT evidence of Taiwan origin, official localization, or Taiwan-dub wording."
EV0116,M28,2008,大雄与绿巨人传,のび太と緑の巨人伝,02_ZH_JP_AUDIO,zh-CN,jp-audio,Fansub,Unknown,HKG字幕组 & 影月字幕组  & C2字幕组,P03：1980–2016 中文底稿大包 [Doraemon_Movie][01-37][DVD&BD][Sub].zip,28[2008]大雄与绿巨人传/28[2008]大雄与绿巨人传.sc.ass,28[2008]大雄与绿巨人传.sc.ass,28[2008]大雄与绿巨人传.sc.ass,28[2008]┤≤╨█╙δ┬╠╛▐╚╦┤½/28[2008]┤≤╨█╙δ┬╠╛▐╚╦┤½.sc.ass,M28_2008_大雄与绿巨人传/02_ZH_JP_AUDIO/M28.2008.zh-CN.jp-audio.Fansub.HKG字幕组+影月字幕组+C2字幕组.ass,M28.2008.zh-CN.jp-audio.Fansub.HKG字幕组+影月字幕组+C2字幕组.ass,.ass,525338,549eea325cad23c6d03c6bff9d112335ee3eda198e4de84c47de57fc20e2483d,549eea325cad23c6d03c6bff9d112335ee3eda198e4de84c47de57fc20e2483d,True,medium,"The source pack is explicitly a 1980–2016 Chinese draft subtitle collection; SC/TC filename variants and ASS headers identify Chinese translation evidence. No evidence establishes Taiwan official, Taiwan dub, or mainland official provenance, so those categories are intentionally not used.",4024,UTF-8-SIG,[2008]大雄与绿巨人传,"Language tag follows the source .sc/.tc branch. zh-TW here records the Traditional-Chinese branch only; it is NOT evidence of Taiwan origin, official localization, or Taiwan-dub wording."
EV0117,M28,2008,大雄与绿巨人传,のび太と緑の巨人伝,02_ZH_JP_AUDIO,zh-TW,jp-audio,Fansub,Unknown,HKG字幕組 & 影月字幕組 & C2字幕組,P03：1980–2016 中文底稿大包 [Doraemon_Movie][01-37][DVD&BD][Sub].zip,28[2008]大雄与绿巨人传/28[2008]大雄与绿巨人传.tc.ass,28[2008]大雄与绿巨人传.tc.ass,28[2008]大雄与绿巨人传.tc.ass,28[2008]┤≤╨█╙δ┬╠╛▐╚╦┤½/28[2008]┤≤╨█╙δ┬╠╛▐╚╦┤½.tc.ass,M28_2008_大雄与绿巨人传/02_ZH_JP_AUDIO/M28.2008.zh-TW.jp-audio.Fansub.HKG字幕組+影月字幕組+C2字幕組.ass,M28.2008.zh-TW.jp-audio.Fansub.HKG字幕組+影月字幕組+C2字幕組.ass,.ass,525332,bbe3e6db5a7b30b2bbf6048d6aeff4e0172dced84f4cda476e543ea5d1ab2018,bbe3e6db5a7b30b2bbf6048d6aeff4e0172dced84f4cda476e543ea5d1ab2018,True,medium,"The source pack is explicitly a 1980–2016 Chinese draft subtitle collection; SC/TC filename variants and ASS headers identify Chinese translation evidence. No evidence establishes Taiwan official, Taiwan dub, or mainland official provenance, so those categories are intentionally not used.",4024,UTF-8-SIG,[2008]大雄与绿巨人传,"Language tag follows the source .sc/.tc branch. zh-TW here records the Traditional-Chinese branch only; it is NOT evidence of Taiwan origin, official localization, or Taiwan-dub wording."
EV0003,M29,2009,新大雄的宇宙开拓史,新・のび太の宇宙開拓史,01_JA_SOURCE,ja-JP,source,Netflix,Jimaku,Unknown,Doraemon-JP-2006-2025.zip,Doraemon-JP-2006-2025/M29_2009_新大雄的宇宙开拓史/M29.2009.ja-JP.Netflix.srt,映画ドラえもん.新・のび太の宇宙開拓史.WEBRip.Netflix.ja[cc].srt,M29.2009.ja-JP.Netflix.srt,Doraemon-JP-2006-2025/M29_2009_新大雄的宇宙开拓史/M29.2009.ja-JP.Netflix.srt,M29_2009_新大雄的宇宙开拓史/01_JA_SOURCE/M29.2009.ja-JP.source.Netflix.Unknown.srt,M29.2009.ja-JP.source.Netflix.Unknown.srt,.srt,155230,a1d7ba0808811c568414a64302887afffca0cc6a7ca80b4b385dcd1161b98da0,a1d7ba0808811c568414a64302887afffca0cc6a7ca80b4b385dcd1161b98da0,True,high,Japanese subtitle member is explicitly indexed as Netflix in the pack metadata; member/movie/year agree.,1868,UTF-8-SIG,,"Downloaded via Jimaku according to the pack internal inventory; source identifies subtitle/original release provenance, not download provider."
EV0118,M29,2009,新大雄的宇宙开拓史,新・のび太の宇宙開拓史,02_ZH_JP_AUDIO,zh-CN,jp-audio,Fansub,Unknown,HKG字幕组 & 影月字幕组  & C2字幕组,P03：1980–2016 中文底稿大包 [Doraemon_Movie][01-37][DVD&BD][Sub].zip,29[2009]新·大雄的宇宙开拓史/29[2009]新·大雄的宇宙开拓史.sc.ass,29[2009]新·大雄的宇宙开拓史.sc.ass,29[2009]新·大雄的宇宙开拓史.sc.ass,29[2009]╨┬íñ┤≤╨█╡─╙ε╓µ┐¬═╪╩╖/29[2009]╨┬íñ┤≤╨█╡─╙ε╓µ┐¬═╪╩╖.sc.ass,M29_2009_新大雄的宇宙开拓史/02_ZH_JP_AUDIO/M29.2009.zh-CN.jp-audio.Fansub.HKG字幕组+影月字幕组+C2字幕组.ass,M29.2009.zh-CN.jp-audio.Fansub.HKG字幕组+影月字幕组+C2字幕组.ass,.ass,343021,fac6a564cb8b177b7f85f4f7eb22e0b97136fbf885d621a974f98beb9e8b1708,fac6a564cb8b177b7f85f4f7eb22e0b97136fbf885d621a974f98beb9e8b1708,True,medium,"The source pack is explicitly a 1980–2016 Chinese draft subtitle collection; SC/TC filename variants and ASS headers identify Chinese translation evidence. No evidence establishes Taiwan official, Taiwan dub, or mainland official provenance, so those categories are intentionally not used.",3431,UTF-8-SIG,[2009]新·大雄的宇宙开拓史,"Language tag follows the source .sc/.tc branch. zh-TW here records the Traditional-Chinese branch only; it is NOT evidence of Taiwan origin, official localization, or Taiwan-dub wording."
EV0119,M29,2009,新大雄的宇宙开拓史,新・のび太の宇宙開拓史,02_ZH_JP_AUDIO,zh-TW,jp-audio,Fansub,Unknown,HKG字幕組 & 影月字幕組  & C2字幕組,P03：1980–2016 中文底稿大包 [Doraemon_Movie][01-37][DVD&BD][Sub].zip,29[2009]新·大雄的宇宙开拓史/29[2009]新·大雄的宇宙开拓史.tc.ass,29[2009]新·大雄的宇宙开拓史.tc.ass,29[2009]新·大雄的宇宙开拓史.tc.ass,29[2009]╨┬íñ┤≤╨█╡─╙ε╓µ┐¬═╪╩╖/29[2009]╨┬íñ┤≤╨█╡─╙ε╓µ┐¬═╪╩╖.tc.ass,M29_2009_新大雄的宇宙开拓史/02_ZH_JP_AUDIO/M29.2009.zh-TW.jp-audio.Fansub.HKG字幕組+影月字幕組+C2字幕組.ass,M29.2009.zh-TW.jp-audio.Fansub.HKG字幕組+影月字幕組+C2字幕組.ass,.ass,343019,894830d1ff3f02a79e4a470f600f320cb0dfdde0d9bf3e56648dcb6ae8ca6bf1,894830d1ff3f02a79e4a470f600f320cb0dfdde0d9bf3e56648dcb6ae8ca6bf1,True,medium,"The source pack is explicitly a 1980–2016 Chinese draft subtitle collection; SC/TC filename variants and ASS headers identify Chinese translation evidence. No evidence establishes Taiwan official, Taiwan dub, or mainland official provenance, so those categories are intentionally not used.",3431,UTF-8-SIG,[2009]新·大雄的宇宙开拓史,"Language tag follows the source .sc/.tc branch. zh-TW here records the Traditional-Chinese branch only; it is NOT evidence of Taiwan origin, official localization, or Taiwan-dub wording."
EV0120,M30,2010,大雄的人鱼大海战,のび太の人魚大海戦,02_ZH_JP_AUDIO,zh-CN,jp-audio,Fansub,Unknown,n6333373,P03：1980–2016 中文底稿大包 [Doraemon_Movie][01-37][DVD&BD][Sub].zip,30[2010]大雄的人鱼大海战/30[2010]大雄的人鱼大海战.sc.ass,30[2010]大雄的人鱼大海战.sc.ass,30[2010]大雄的人鱼大海战.sc.ass,30[2010]┤≤╨█╡─╚╦╙π┤≤║ú╒╜/30[2010]┤≤╨█╡─╚╦╙π┤≤║ú╒╜.sc.ass,M30_2010_大雄的人鱼大海战/02_ZH_JP_AUDIO/M30.2010.zh-CN.jp-audio.Fansub.n6333373.ass,M30.2010.zh-CN.jp-audio.Fansub.n6333373.ass,.ass,158884,24f1156038b156e307cac35d457be63312e0e93ed52a0952584b4dc60bf4701b,24f1156038b156e307cac35d457be63312e0e93ed52a0952584b4dc60bf4701b,True,medium,"The source pack is explicitly a 1980–2016 Chinese draft subtitle collection; SC/TC filename variants and ASS headers identify Chinese translation evidence. No evidence establishes Taiwan official, Taiwan dub, or mainland official provenance, so those categories are intentionally not used.",1818,UTF-8-SIG,[2010]大雄的人鱼大海战,"Language tag follows the source .sc/.tc branch. zh-TW here records the Traditional-Chinese branch only; it is NOT evidence of Taiwan origin, official localization, or Taiwan-dub wording."
EV0121,M30,2010,大雄的人鱼大海战,のび太の人魚大海戦,02_ZH_JP_AUDIO,zh-TW,jp-audio,Fansub,Unknown,n6333373,P03：1980–2016 中文底稿大包 [Doraemon_Movie][01-37][DVD&BD][Sub].zip,30[2010]大雄的人鱼大海战/30[2010]大雄的人鱼大海战.tc.ass,30[2010]大雄的人鱼大海战.tc.ass,30[2010]大雄的人鱼大海战.tc.ass,30[2010]┤≤╨█╡─╚╦╙π┤≤║ú╒╜/30[2010]┤≤╨█╡─╚╦╙π┤≤║ú╒╜.tc.ass,M30_2010_大雄的人鱼大海战/02_ZH_JP_AUDIO/M30.2010.zh-TW.jp-audio.Fansub.n6333373.ass,M30.2010.zh-TW.jp-audio.Fansub.n6333373.ass,.ass,158877,0b1800c42ec26d1880c66929136de4d427897bc49d992b944e1baaca9393960f,0b1800c42ec26d1880c66929136de4d427897bc49d992b944e1baaca9393960f,True,medium,"The source pack is explicitly a 1980–2016 Chinese draft subtitle collection; SC/TC filename variants and ASS headers identify Chinese translation evidence. No evidence establishes Taiwan official, Taiwan dub, or mainland official provenance, so those categories are intentionally not used.",1818,UTF-8-SIG,[2010]大雄的人鱼大海战,"Language tag follows the source .sc/.tc branch. zh-TW here records the Traditional-Chinese branch only; it is NOT evidence of Taiwan origin, official localization, or Taiwan-dub wording."
EV0004,M31,2011,新大雄与铁人兵团,新・のび太と鉄人兵団 ～はばたけ 天使たち～,01_JA_SOURCE,ja-JP,source,Netflix,Jimaku,Unknown,Doraemon-JP-2006-2025.zip,Doraemon-JP-2006-2025/M31_2011_新大雄与铁人兵团/M31.2011.ja-JP.Netflix.srt,映画ドラえもん.新・のび太と鉄人兵団.はばたけ.天使たち.WEBRip.Netflix.ja[cc].srt,M31.2011.ja-JP.Netflix.srt,Doraemon-JP-2006-2025/M31_2011_新大雄与铁人兵团/M31.2011.ja-JP.Netflix.srt,M31_2011_新大雄与铁人兵团/01_JA_SOURCE/M31.2011.ja-JP.source.Netflix.Unknown.srt,M31.2011.ja-JP.source.Netflix.Unknown.srt,.srt,148811,983354746b82c9a1f3a32a49ee4209d26f6aae54b614b77a044dfeda2af74bcc,983354746b82c9a1f3a32a49ee4209d26f6aae54b614b77a044dfeda2af74bcc,True,high,Japanese subtitle member is explicitly indexed as Netflix in the pack metadata; member/movie/year agree.,1853,UTF-8-SIG,,"Downloaded via Jimaku according to the pack internal inventory; source identifies subtitle/original release provenance, not download provider."
EV0122,M31,2011,新大雄与铁人兵团,新・のび太と鉄人兵団 ～はばたけ 天使たち～,02_ZH_JP_AUDIO,zh-CN,jp-audio,Fansub,Unknown,SGS曙光社字幕组,P03：1980–2016 中文底稿大包 [Doraemon_Movie][01-37][DVD&BD][Sub].zip,31[2011]新·大雄与铁人兵团/31[2011]新·大雄与铁人兵团.sc.ass,31[2011]新·大雄与铁人兵团.sc.ass,31[2011]新·大雄与铁人兵团.sc.ass,31[2011]╨┬íñ┤≤╨█╙δ╠·╚╦▒°═┼/31[2011]╨┬íñ┤≤╨█╙δ╠·╚╦▒°═┼.sc.ass,M31_2011_新大雄与铁人兵团/02_ZH_JP_AUDIO/M31.2011.zh-CN.jp-audio.Fansub.SGS曙光社字幕组.ass,M31.2011.zh-CN.jp-audio.Fansub.SGS曙光社字幕组.ass,.ass,156946,4974d94306cbf5656c3252322d556284a25b7d930fdeed8e39a41e877bf4d1a5,4974d94306cbf5656c3252322d556284a25b7d930fdeed8e39a41e877bf4d1a5,True,medium,"The source pack is explicitly a 1980–2016 Chinese draft subtitle collection; SC/TC filename variants and ASS headers identify Chinese translation evidence. No evidence establishes Taiwan official, Taiwan dub, or mainland official provenance, so those categories are intentionally not used.",1903,UTF-8-SIG,[2011]新·大雄与铁人兵团,"Language tag follows the source .sc/.tc branch. zh-TW here records the Traditional-Chinese branch only; it is NOT evidence of Taiwan origin, official localization, or Taiwan-dub wording."
EV0123,M31,2011,新大雄与铁人兵团,新・のび太と鉄人兵団 ～はばたけ 天使たち～,02_ZH_JP_AUDIO,zh-TW,jp-audio,Fansub,Unknown,SGS曙光社字幕組,P03：1980–2016 中文底稿大包 [Doraemon_Movie][01-37][DVD&BD][Sub].zip,31[2011]新·大雄与铁人兵团/31[2011]新·大雄与铁人兵团.tc.ass,31[2011]新·大雄与铁人兵团.tc.ass,31[2011]新·大雄与铁人兵团.tc.ass,31[2011]╨┬íñ┤≤╨█╙δ╠·╚╦▒°═┼/31[2011]╨┬íñ┤≤╨█╙δ╠·╚╦▒°═┼.tc.ass,M31_2011_新大雄与铁人兵团/02_ZH_JP_AUDIO/M31.2011.zh-TW.jp-audio.Fansub.SGS曙光社字幕組.ass,M31.2011.zh-TW.jp-audio.Fansub.SGS曙光社字幕組.ass,.ass,156946,3aa9034edc17b5b33ccb5429858c780bd309872721b81fbfa1ef2264c36f5b32,3aa9034edc17b5b33ccb5429858c780bd309872721b81fbfa1ef2264c36f5b32,True,medium,"The source pack is explicitly a 1980–2016 Chinese draft subtitle collection; SC/TC filename variants and ASS headers identify Chinese translation evidence. No evidence establishes Taiwan official, Taiwan dub, or mainland official provenance, so those categories are intentionally not used.",1903,UTF-8-SIG,[2011]新·大雄与铁人兵团,"Language tag follows the source .sc/.tc branch. zh-TW here records the Traditional-Chinese branch only; it is NOT evidence of Taiwan origin, official localization, or Taiwan-dub wording."
EV0005,M32,2012,大雄与奇迹之岛,のび太と奇跡の島 ～アニマル アドベンチャー～,01_JA_SOURCE,ja-JP,source,Netflix,Jimaku,Unknown,Doraemon-JP-2006-2025.zip,Doraemon-JP-2006-2025/M32_2012_大雄与奇迹之岛/M32.2012.ja-JP.Netflix.srt,映画ドラえもん.のび太と奇跡の島.アニマルアドベンチャー.WEBRip.Netflix.ja[cc].srt,M32.2012.ja-JP.Netflix.srt,Doraemon-JP-2006-2025/M32_2012_大雄与奇迹之岛/M32.2012.ja-JP.Netflix.srt,M32_2012_大雄与奇迹之岛/01_JA_SOURCE/M32.2012.ja-JP.source.Netflix.Unknown.srt,M32.2012.ja-JP.source.Netflix.Unknown.srt,.srt,148329,18c19a3aa8d899369629950fd542ebab12182b49280d41e6936515fe5f3fd219,18c19a3aa8d899369629950fd542ebab12182b49280d41e6936515fe5f3fd219,True,high,Japanese subtitle member is explicitly indexed as Netflix in the pack metadata; member/movie/year agree.,1871,UTF-8-SIG,,"Downloaded via Jimaku according to the pack internal inventory; source identifies subtitle/original release provenance, not download provider."
EV0124,M32,2012,大雄与奇迹之岛,のび太と奇跡の島 ～アニマル アドベンチャー～,02_ZH_JP_AUDIO,zh-CN,jp-audio,Fansub,Unknown,CMCT团队,P03：1980–2016 中文底稿大包 [Doraemon_Movie][01-37][DVD&BD][Sub].zip,32[2012]大雄与奇迹之岛/32[2012]大雄与奇迹之岛.sc.ass,32[2012]大雄与奇迹之岛.sc.ass,32[2012]大雄与奇迹之岛.sc.ass,32[2012]┤≤╨█╙δ╞µ╝ú╓«╡║/32[2012]┤≤╨█╙δ╞µ╝ú╓«╡║.sc.ass,M32_2012_大雄与奇迹之岛/02_ZH_JP_AUDIO/M32.2012.zh-CN.jp-audio.Fansub.CMCT团队.ass,M32.2012.zh-CN.jp-audio.Fansub.CMCT团队.ass,.ass,123672,3e44b14dfb19d792840c7e7c00f847c93f19c18465f8949cb7d654b04d77d6e5,3e44b14dfb19d792840c7e7c00f847c93f19c18465f8949cb7d654b04d77d6e5,True,medium,"The source pack is explicitly a 1980–2016 Chinese draft subtitle collection; SC/TC filename variants and ASS headers identify Chinese translation evidence. No evidence establishes Taiwan official, Taiwan dub, or mainland official provenance, so those categories are intentionally not used.",1524,UTF-8-SIG,[2012]大雄与奇迹之岛,"Language tag follows the source .sc/.tc branch. zh-TW here records the Traditional-Chinese branch only; it is NOT evidence of Taiwan origin, official localization, or Taiwan-dub wording."
EV0125,M32,2012,大雄与奇迹之岛,のび太と奇跡の島 ～アニマル アドベンチャー～,02_ZH_JP_AUDIO,zh-TW,jp-audio,Fansub,Unknown,CMCT團隊,P03：1980–2016 中文底稿大包 [Doraemon_Movie][01-37][DVD&BD][Sub].zip,32[2012]大雄与奇迹之岛/32[2012]大雄与奇迹之岛.tc.ass,32[2012]大雄与奇迹之岛.tc.ass,32[2012]大雄与奇迹之岛.tc.ass,32[2012]┤≤╨█╙δ╞µ╝ú╓«╡║/32[2012]┤≤╨█╙δ╞µ╝ú╓«╡║.tc.ass,M32_2012_大雄与奇迹之岛/02_ZH_JP_AUDIO/M32.2012.zh-TW.jp-audio.Fansub.CMCT團隊.ass,M32.2012.zh-TW.jp-audio.Fansub.CMCT團隊.ass,.ass,123789,79641b72d745d3047461c74a4904dace51e9401fff704f26b9ca04600537a910,79641b72d745d3047461c74a4904dace51e9401fff704f26b9ca04600537a910,True,medium,"The source pack is explicitly a 1980–2016 Chinese draft subtitle collection; SC/TC filename variants and ASS headers identify Chinese translation evidence. No evidence establishes Taiwan official, Taiwan dub, or mainland official provenance, so those categories are intentionally not used.",1524,UTF-8-SIG,[2012]大雄与奇迹之岛,"Language tag follows the source .sc/.tc branch. zh-TW here records the Traditional-Chinese branch only; it is NOT evidence of Taiwan origin, official localization, or Taiwan-dub wording."
EV0126,M33,2013,大雄的秘密道具博物馆,のび太のひみつ道具博物館,02_ZH_JP_AUDIO,zh-CN,jp-audio,Unknown,Unknown,Unknown,P03：1980–2016 中文底稿大包 [Doraemon_Movie][01-37][DVD&BD][Sub].zip,33[2013]大雄的秘密道具博物馆/33[2013]大雄的秘密道具博物馆.sc.ass,33[2013]大雄的秘密道具博物馆.sc.ass,33[2013]大雄的秘密道具博物馆.sc.ass,33[2013]┤≤╨█╡─├╪├▄╡└╛▀▓⌐╬∩╣▌/33[2013]┤≤╨█╡─├╪├▄╡└╛▀▓⌐╬∩╣▌.sc.ass,M33_2013_大雄的秘密道具博物馆/02_ZH_JP_AUDIO/M33.2013.zh-CN.jp-audio.Unknown.Unknown.ass,M33.2013.zh-CN.jp-audio.Unknown.Unknown.ass,.ass,140610,841cad9c89ba3810a6d7bba817f839b59eedfab3168d6b898c173976f8cc9094,841cad9c89ba3810a6d7bba817f839b59eedfab3168d6b898c173976f8cc9094,True,medium,"The source pack is explicitly a 1980–2016 Chinese draft subtitle collection; SC/TC filename variants and ASS headers identify Chinese translation evidence. No evidence establishes Taiwan official, Taiwan dub, or mainland official provenance, so those categories are intentionally not used.",1898,UTF-8-SIG,[2013]大雄的秘密道具博物馆,"Language tag follows the source .sc/.tc branch. zh-TW here records the Traditional-Chinese branch only; it is NOT evidence of Taiwan origin, official localization, or Taiwan-dub wording. ASS Original Script credit is blank, so creator remains Unknown."
EV0127,M33,2013,大雄的秘密道具博物馆,のび太のひみつ道具博物館,02_ZH_JP_AUDIO,zh-TW,jp-audio,Unknown,Unknown,Unknown,P03：1980–2016 中文底稿大包 [Doraemon_Movie][01-37][DVD&BD][Sub].zip,33[2013]大雄的秘密道具博物馆/33[2013]大雄的秘密道具博物馆.tc.ass,33[2013]大雄的秘密道具博物馆.tc.ass,33[2013]大雄的秘密道具博物馆.tc.ass,33[2013]┤≤╨█╡─├╪├▄╡└╛▀▓⌐╬∩╣▌/33[2013]┤≤╨█╡─├╪├▄╡└╛▀▓⌐╬∩╣▌.tc.ass,M33_2013_大雄的秘密道具博物馆/02_ZH_JP_AUDIO/M33.2013.zh-TW.jp-audio.Unknown.Unknown.ass,M33.2013.zh-TW.jp-audio.Unknown.Unknown.ass,.ass,140610,1cd66ae8d2262bc07ebe22cd5259603c3b47ca9209ed8a9835993035f76d6011,1cd66ae8d2262bc07ebe22cd5259603c3b47ca9209ed8a9835993035f76d6011,True,medium,"The source pack is explicitly a 1980–2016 Chinese draft subtitle collection; SC/TC filename variants and ASS headers identify Chinese translation evidence. No evidence establishes Taiwan official, Taiwan dub, or mainland official provenance, so those categories are intentionally not used.",1898,UTF-8-SIG,[2013]大雄的秘密道具博物馆,"Language tag follows the source .sc/.tc branch. zh-TW here records the Traditional-Chinese branch only; it is NOT evidence of Taiwan origin, official localization, or Taiwan-dub wording. ASS Original Script credit is blank, so creator remains Unknown."
EV0128,M34,2014,新大雄的大魔境,新・のび太の大魔境 ～ペコと5人の探検隊～,02_ZH_JP_AUDIO,zh-CN,jp-audio,Fansub,Unknown,动漫国字幕组,P03：1980–2016 中文底稿大包 [Doraemon_Movie][01-37][DVD&BD][Sub].zip,34[2014]新·大雄的大魔境/34[2014]新·大雄的大魔境.sc.ass,34[2014]新·大雄的大魔境.sc.ass,34[2014]新·大雄的大魔境.sc.ass,34[2014]╨┬íñ┤≤╨█╡─┤≤─º╛│/34[2014]╨┬íñ┤≤╨█╡─┤≤─º╛│.sc.ass,M34_2014_新大雄的大魔境/02_ZH_JP_AUDIO/M34.2014.zh-CN.jp-audio.Fansub.动漫国字幕组.ass,M34.2014.zh-CN.jp-audio.Fansub.动漫国字幕组.ass,.ass,140499,0e57c39a573b447bbe6a1984f6cf4b05fa9f3729454df7ba7fe5fbf56991f972,0e57c39a573b447bbe6a1984f6cf4b05fa9f3729454df7ba7fe5fbf56991f972,True,medium,"The source pack is explicitly a 1980–2016 Chinese draft subtitle collection; SC/TC filename variants and ASS headers identify Chinese translation evidence. No evidence establishes Taiwan official, Taiwan dub, or mainland official provenance, so those categories are intentionally not used.",1708,UTF-8-SIG,[2014]新·大雄的大魔境,"Language tag follows the source .sc/.tc branch. zh-TW here records the Traditional-Chinese branch only; it is NOT evidence of Taiwan origin, official localization, or Taiwan-dub wording."
EV0129,M34,2014,新大雄的大魔境,新・のび太の大魔境 ～ペコと5人の探検隊～,02_ZH_JP_AUDIO,zh-TW,jp-audio,Fansub,Unknown,動漫國字幕組,P03：1980–2016 中文底稿大包 [Doraemon_Movie][01-37][DVD&BD][Sub].zip,34[2014]新·大雄的大魔境/34[2014]新·大雄的大魔境.tc.ass,34[2014]新·大雄的大魔境.tc.ass,34[2014]新·大雄的大魔境.tc.ass,34[2014]╨┬íñ┤≤╨█╡─┤≤─º╛│/34[2014]╨┬íñ┤≤╨█╡─┤≤─º╛│.tc.ass,M34_2014_新大雄的大魔境/02_ZH_JP_AUDIO/M34.2014.zh-TW.jp-audio.Fansub.動漫國字幕組.ass,M34.2014.zh-TW.jp-audio.Fansub.動漫國字幕組.ass,.ass,140499,b845eb7387976cf2a0d060a49175afb636c1115fbc385d8d2319c56fdd9a30cf,b845eb7387976cf2a0d060a49175afb636c1115fbc385d8d2319c56fdd9a30cf,True,medium,"The source pack is explicitly a 1980–2016 Chinese draft subtitle collection; SC/TC filename variants and ASS headers identify Chinese translation evidence. No evidence establishes Taiwan official, Taiwan dub, or mainland official provenance, so those categories are intentionally not used.",1708,UTF-8-SIG,[2014]新·大雄的大魔境,"Language tag follows the source .sc/.tc branch. zh-TW here records the Traditional-Chinese branch only; it is NOT evidence of Taiwan origin, official localization, or Taiwan-dub wording."
EV0006,M35,2015,大雄的宇宙英雄记,のび太の宇宙英雄記,01_JA_SOURCE,ja-JP,source,Netflix,Jimaku,Unknown,Doraemon-JP-2006-2025.zip,Doraemon-JP-2006-2025/M35_2015_大雄的宇宙英雄记/M35.2015.ja-JP.Netflix.srt,映画ドラえもん.のび太の宇宙英雄記.(スペースヒーローズ).WEBRip.Netflix.ja[cc].srt,M35.2015.ja-JP.Netflix.srt,Doraemon-JP-2006-2025/M35_2015_大雄的宇宙英雄记/M35.2015.ja-JP.Netflix.srt,M35_2015_大雄的宇宙英雄记/01_JA_SOURCE/M35.2015.ja-JP.source.Netflix.Unknown.srt,M35.2015.ja-JP.source.Netflix.Unknown.srt,.srt,155038,129e0dd9138ac839cdbf9b8de246c11d4437bd734bdfe864d586c40b528a9ddc,129e0dd9138ac839cdbf9b8de246c11d4437bd734bdfe864d586c40b528a9ddc,True,high,Japanese subtitle member is explicitly indexed as Netflix in the pack metadata; member/movie/year agree.,1822,UTF-8-SIG,,"Downloaded via Jimaku according to the pack internal inventory; source identifies subtitle/original release provenance, not download provider."
EV0132,M35,2015,大雄的宇宙英雄记,のび太の宇宙英雄記,02_ZH_JP_AUDIO,zh-CN,jp-audio,Unknown,Unknown,Unknown,P03：1980–2016 中文底稿大包 [Doraemon_Movie][01-37][DVD&BD][Sub].zip,36[2015]大雄的宇宙英雄记/36[2015]大雄的宇宙英雄记.sc.ass,36[2015]大雄的宇宙英雄记.sc.ass,36[2015]大雄的宇宙英雄记.sc.ass,36[2015]┤≤╨█╡─╙ε╓µ╙ó╨█╝╟/36[2015]┤≤╨█╡─╙ε╓µ╙ó╨█╝╟.sc.ass,M35_2015_大雄的宇宙英雄记/02_ZH_JP_AUDIO/M35.2015.zh-CN.jp-audio.Unknown.Unknown.ass,M35.2015.zh-CN.jp-audio.Unknown.Unknown.ass,.ass,153924,fc6b2e98be8595e3f0e47e9ad9ec441e76fcec0b7741027f1cc94e12fe32eda5,fc6b2e98be8595e3f0e47e9ad9ec441e76fcec0b7741027f1cc94e12fe32eda5,True,medium,"The source pack is explicitly a 1980–2016 Chinese draft subtitle collection; SC/TC filename variants and ASS headers identify Chinese translation evidence. No evidence establishes Taiwan official, Taiwan dub, or mainland official provenance, so those categories are intentionally not used.",1745,UTF-8-SIG,[2015]大雄的宇宙英雄记,"Language tag follows the source .sc/.tc branch. zh-TW here records the Traditional-Chinese branch only; it is NOT evidence of Taiwan origin, official localization, or Taiwan-dub wording. ASS Original Script credit is blank, so creator remains Unknown."
EV0133,M35,2015,大雄的宇宙英雄记,のび太の宇宙英雄記,02_ZH_JP_AUDIO,zh-TW,jp-audio,Unknown,Unknown,Unknown,P03：1980–2016 中文底稿大包 [Doraemon_Movie][01-37][DVD&BD][Sub].zip,36[2015]大雄的宇宙英雄记/36[2015]大雄的宇宙英雄记.tc.ass,36[2015]大雄的宇宙英雄记.tc.ass,36[2015]大雄的宇宙英雄记.tc.ass,36[2015]┤≤╨█╡─╙ε╓µ╙ó╨█╝╟/36[2015]┤≤╨█╡─╙ε╓µ╙ó╨█╝╟.tc.ass,M35_2015_大雄的宇宙英雄记/02_ZH_JP_AUDIO/M35.2015.zh-TW.jp-audio.Unknown.Unknown.ass,M35.2015.zh-TW.jp-audio.Unknown.Unknown.ass,.ass,153754,06b5f75595d466be921603fd09df42e811599cbdc8bf62a27c31486a032185c3,06b5f75595d466be921603fd09df42e811599cbdc8bf62a27c31486a032185c3,True,medium,"The source pack is explicitly a 1980–2016 Chinese draft subtitle collection; SC/TC filename variants and ASS headers identify Chinese translation evidence. No evidence establishes Taiwan official, Taiwan dub, or mainland official provenance, so those categories are intentionally not used.",1742,UTF-8-SIG,[2015]大雄的宇宙英雄记,"Language tag follows the source .sc/.tc branch. zh-TW here records the Traditional-Chinese branch only; it is NOT evidence of Taiwan origin, official localization, or Taiwan-dub wording. ASS Original Script credit is blank, so creator remains Unknown."
EV0007,M36,2016,新大雄的日本诞生,新・のび太の日本誕生,01_JA_SOURCE,ja-JP,source,Netflix,Jimaku,Unknown,Doraemon-JP-2006-2025.zip,Doraemon-JP-2006-2025/M36_2016_新大雄的日本诞生/M36.2016.ja-JP.Netflix.srt,映画ドラえもん.新・のび太の日本誕生.WEBRip.Netflix.ja[cc].srt,M36.2016.ja-JP.Netflix.srt,Doraemon-JP-2006-2025/M36_2016_新大雄的日本诞生/M36.2016.ja-JP.Netflix.srt,M36_2016_新大雄的日本诞生/01_JA_SOURCE/M36.2016.ja-JP.source.Netflix.Unknown.srt,M36.2016.ja-JP.source.Netflix.Unknown.srt,.srt,140106,1341bf6eeb1fa6210b3a8475c42148429f6d0d79f51e25f03cdb1045de64b6da,1341bf6eeb1fa6210b3a8475c42148429f6d0d79f51e25f03cdb1045de64b6da,True,high,Japanese subtitle member is explicitly indexed as Netflix in the pack metadata; member/movie/year agree.,1766,UTF-8-SIG,,"Downloaded via Jimaku according to the pack internal inventory; source identifies subtitle/original release provenance, not download provider."
EV0134,M36,2016,新大雄的日本诞生,新・のび太の日本誕生,02_ZH_JP_AUDIO,zh-CN,jp-audio,Fansub,Unknown,银光字幕组YGSUB,P03：1980–2016 中文底稿大包 [Doraemon_Movie][01-37][DVD&BD][Sub].zip,37[2016]新·大雄的日本诞生/37[2016]新·大雄的日本诞生.sc.ass,37[2016]新·大雄的日本诞生.sc.ass,37[2016]新·大雄的日本诞生.sc.ass,37[2016]╨┬íñ┤≤╨█╡─╚╒▒╛╡«╔·/37[2016]╨┬íñ┤≤╨█╡─╚╒▒╛╡«╔·.sc.ass,M36_2016_新大雄的日本诞生/02_ZH_JP_AUDIO/M36.2016.zh-CN.jp-audio.Fansub.银光字幕组YGSUB.ass,M36.2016.zh-CN.jp-audio.Fansub.银光字幕组YGSUB.ass,.ass,114909,4afa7ede91c11c9c3751cfdd82427fe575de899d92839cdd6e4110446c731fb6,4afa7ede91c11c9c3751cfdd82427fe575de899d92839cdd6e4110446c731fb6,True,medium,"The source pack is explicitly a 1980–2016 Chinese draft subtitle collection; SC/TC filename variants and ASS headers identify Chinese translation evidence. No evidence establishes Taiwan official, Taiwan dub, or mainland official provenance, so those categories are intentionally not used.",1360,UTF-8-SIG,[2016]新·大雄的日本诞生,"Language tag follows the source .sc/.tc branch. zh-TW here records the Traditional-Chinese branch only; it is NOT evidence of Taiwan origin, official localization, or Taiwan-dub wording."
EV0135,M36,2016,新大雄的日本诞生,新・のび太の日本誕生,02_ZH_JP_AUDIO,zh-TW,jp-audio,Fansub,Unknown,银光字幕组YGSUB,P03：1980–2016 中文底稿大包 [Doraemon_Movie][01-37][DVD&BD][Sub].zip,37[2016]新·大雄的日本诞生/37[2016]新·大雄的日本诞生.tc.ass,37[2016]新·大雄的日本诞生.tc.ass,37[2016]新·大雄的日本诞生.tc.ass,37[2016]╨┬íñ┤≤╨█╡─╚╒▒╛╡«╔·/37[2016]╨┬íñ┤≤╨█╡─╚╒▒╛╡«╔·.tc.ass,M36_2016_新大雄的日本诞生/02_ZH_JP_AUDIO/M36.2016.zh-TW.jp-audio.Fansub.银光字幕组YGSUB.ass,M36.2016.zh-TW.jp-audio.Fansub.银光字幕组YGSUB.ass,.ass,116078,868a1aa38329092a9f873bb2a6e3f8e1b88c117cc5ffbb7df830521b529ce4b3,868a1aa38329092a9f873bb2a6e3f8e1b88c117cc5ffbb7df830521b529ce4b3,True,medium,"The source pack is explicitly a 1980–2016 Chinese draft subtitle collection; SC/TC filename variants and ASS headers identify Chinese translation evidence. No evidence establishes Taiwan official, Taiwan dub, or mainland official provenance, so those categories are intentionally not used.",1369,UTF-8-SIG,[2016]新·大雄的日本诞生,"Language tag follows the source .sc/.tc branch. zh-TW here records the Traditional-Chinese branch only; it is NOT evidence of Taiwan origin, official localization, or Taiwan-dub wording."
EV0008,M37,2017,大雄的南极冰冰凉大冒险,のび太の南極カチコチ大冒険,01_JA_SOURCE,ja-JP,source,WOWOW,Jimaku,Fumi-Raws,Doraemon-JP-2006-2025.zip,Doraemon-JP-2006-2025/M37_2017_大雄的南极冰冰凉大冒险/M37.2017.ja-JP.WOWOW.Fumi-Raws.ass,[Fumi-Raws] Doraemon The Movie のび太の南極カチコチ大冒険 (2017) ＷＯＷＯＷシネマ.ass,M37.2017.ja-JP.WOWOW.Fumi-Raws.ass,Doraemon-JP-2006-2025/M37_2017_大雄的南极冰冰凉大冒险/M37.2017.ja-JP.WOWOW.Fumi-Raws.ass,M37_2017_大雄的南极冰冰凉大冒险/01_JA_SOURCE/M37.2017.ja-JP.source.WOWOW.Fumi-Raws.ass,M37.2017.ja-JP.source.WOWOW.Fumi-Raws.ass,.ass,253312,30a0be87cde6ff78e8363bce9da255fe96be468fe623e4dc9d916fe9237bf638,30a0be87cde6ff78e8363bce9da255fe96be468fe623e4dc9d916fe9237bf638,True,high,Japanese subtitle member is explicitly indexed as WOWOW in the pack metadata; member/movie/year agree.,2054,UTF-8-SIG,,"Downloaded via Jimaku according to the pack internal inventory; source identifies subtitle/original release provenance, not download provider."
EV0009,M41,2022,大雄的宇宙小战争2021,のび太の宇宙小戦争 2021,01_JA_SOURCE,ja-JP,source,NBN,Jimaku,Fumi-Raws,Doraemon-JP-2006-2025.zip,Doraemon-JP-2006-2025/M41_2022_大雄的宇宙小战争2021/M41.2022.ja-JP.NBN.Fumi-Raws.ass,[Fumi-Raws] Doraemon TheMovie のび太の 宇宙小戦争 リトル スター ウォーズ (2021) (NBN 1920x1080 AAC).ass,M41.2022.ja-JP.NBN.Fumi-Raws.ass,Doraemon-JP-2006-2025/M41_2022_大雄的宇宙小战争2021/M41.2022.ja-JP.NBN.Fumi-Raws.ass,M41_2022_大雄的宇宙小战争2021/01_JA_SOURCE/M41.2022.ja-JP.source.NBN.Fumi-Raws.ass,M41.2022.ja-JP.source.NBN.Fumi-Raws.ass,.ass,400216,9fc106e5b12060eb249ad8d695260419e0bd99d8e4a50b0fb581e404c463c4cb,9fc106e5b12060eb249ad8d695260419e0bd99d8e4a50b0fb581e404c463c4cb,True,high,Japanese subtitle member is explicitly indexed as NBN in the pack metadata; member/movie/year agree.,3443,UTF-8-SIG,,"Downloaded via Jimaku according to the pack internal inventory; source identifies subtitle/original release provenance, not download provider."
EV0010,M42,2023,大雄与天空的理想乡,のび太と空の理想郷,01_JA_SOURCE,ja-JP,source,JPTV,Jimaku,Unknown,Doraemon-JP-2006-2025.zip,Doraemon-JP-2006-2025/M42_2023_大雄与天空的理想乡/M42.2023.ja-JP.JPTV.srt,「のび太の地球交響楽」公開記念!「映画ドラえもん のび太と空の理想郷」[字]-2024-03-02-JPTVclub.srt,M42.2023.ja-JP.JPTV.srt,Doraemon-JP-2006-2025/M42_2023_大雄与天空的理想乡/M42.2023.ja-JP.JPTV.srt,M42_2023_大雄与天空的理想乡/01_JA_SOURCE/M42.2023.ja-JP.source.JPTV.Unknown.srt,M42.2023.ja-JP.source.JPTV.Unknown.srt,.srt,142499,4f271f2542c023caf280ae49fa46fc1288745505580fa508c35239ced9d17d7f,4f271f2542c023caf280ae49fa46fc1288745505580fa508c35239ced9d17d7f,True,high,Japanese subtitle member is explicitly indexed as JPTV in the pack metadata; member/movie/year agree.,1753,UTF-8-SIG,,"Downloaded via Jimaku according to the pack internal inventory; source identifies subtitle/original release provenance, not download provider."
EV0011,M43,2024,大雄的地球交响乐,のび太の地球交響楽,01_JA_SOURCE,ja-JP,source,Netflix,Jimaku,Unknown,Doraemon-JP-2006-2025.zip,Doraemon-JP-2006-2025/M43_2024_大雄的地球交响乐/M43.2024.ja-JP.Netflix.srt,映画ドラえもん.のび太の地球交響楽.WEBRip.Netflix.ja[cc].srt,M43.2024.ja-JP.Netflix.srt,Doraemon-JP-2006-2025/M43_2024_大雄的地球交响乐/M43.2024.ja-JP.Netflix.srt,M43_2024_大雄的地球交响乐/01_JA_SOURCE/M43.2024.ja-JP.source.Netflix.Unknown.srt,M43.2024.ja-JP.source.Netflix.Unknown.srt,.srt,178922,31d3cf417067f1dc5d9c4a73284351da1100f1ea1824438cadd0400e1f567ba2,31d3cf417067f1dc5d9c4a73284351da1100f1ea1824438cadd0400e1f567ba2,True,high,Japanese subtitle member is explicitly indexed as Netflix in the pack metadata; member/movie/year agree.,2036,UTF-8-SIG,,"Downloaded via Jimaku according to the pack internal inventory; source identifies subtitle/original release provenance, not download provider."
EV0130,SBM01,2014,STAND BY ME 哆啦A梦,STAND BY ME ドラえもん,02_ZH_JP_AUDIO,zh-CN,jp-audio,Fansub,Unknown,旋风字幕组&丸子家族,P03：1980–2016 中文底稿大包 [Doraemon_Movie][01-37][DVD&BD][Sub].zip,35[2014]伴我同行/35[2014]伴我同行.sc.ass,35[2014]伴我同行.sc.ass,35[2014]伴我同行.sc.ass,35[2014]░Θ╬╥═¼╨╨/35[2014]░Θ╬╥═¼╨╨.sc.ass,SBM01_2014_STAND_BY_ME_哆啦A梦/02_ZH_JP_AUDIO/SBM01.2014.zh-CN.jp-audio.Fansub.旋风字幕组+丸子家族.ass,SBM01.2014.zh-CN.jp-audio.Fansub.旋风字幕组+丸子家族.ass,.ass,99802,27c7e1053c0a531bf235df63f7c78ce2b43a61e73a4a981667a73d64627912f8,27c7e1053c0a531bf235df63f7c78ce2b43a61e73a4a981667a73d64627912f8,True,medium,"The source pack is explicitly a 1980–2016 Chinese draft subtitle collection; SC/TC filename variants and ASS headers identify Chinese translation evidence. No evidence establishes Taiwan official, Taiwan dub, or mainland official provenance, so those categories are intentionally not used.",1276,UTF-8-SIG,[2014]伴我同行,"Language tag follows the source .sc/.tc branch. zh-TW here records the Traditional-Chinese branch only; it is NOT evidence of Taiwan origin, official localization, or Taiwan-dub wording."
EV0131,SBM01,2014,STAND BY ME 哆啦A梦,STAND BY ME ドラえもん,02_ZH_JP_AUDIO,zh-TW,jp-audio,Fansub,Unknown,旋風字幕組&丸子家族,P03：1980–2016 中文底稿大包 [Doraemon_Movie][01-37][DVD&BD][Sub].zip,35[2014]伴我同行/35[2014]伴我同行.tc.ass,35[2014]伴我同行.tc.ass,35[2014]伴我同行.tc.ass,35[2014]░Θ╬╥═¼╨╨/35[2014]░Θ╬╥═¼╨╨.tc.ass,SBM01_2014_STAND_BY_ME_哆啦A梦/02_ZH_JP_AUDIO/SBM01.2014.zh-TW.jp-audio.Fansub.旋風字幕組+丸子家族.ass,SBM01.2014.zh-TW.jp-audio.Fansub.旋風字幕組+丸子家族.ass,.ass,99802,d8ba975f1888238b64522a2df89f52a31b57eba80b46c5bd8aa26d454c7bc970,d8ba975f1888238b64522a2df89f52a31b57eba80b46c5bd8aa26d454c7bc970,True,medium,"The source pack is explicitly a 1980–2016 Chinese draft subtitle collection; SC/TC filename variants and ASS headers identify Chinese translation evidence. No evidence establishes Taiwan official, Taiwan dub, or mainland official provenance, so those categories are intentionally not used.",1276,UTF-8-SIG,[2014]伴我同行,"Language tag follows the source .sc/.tc branch. zh-TW here records the Traditional-Chinese branch only; it is NOT evidence of Taiwan origin, official localization, or Taiwan-dub wording."
